x,y,z,x_quat,y_quat,z_quat,w_quat,speed
89669.82634826488,43133.24935924902,0.0,0.0,0.0,-0.8641775047575619,0.5031870827743832,1.5
89669.57954550514,43132.8145162914,0.0,0.0,0.0,-0.8641775047575619,0.5031870827743832,1.5
89669.33274274542,43132.37967333379,0.0,0.0,0.0,-0.8641775047575619,0.5031870827743832,1.5
89669.08593998569,43131.94483037617,0.0,0.0,0.0,-0.8641775047575619,0.5031870827743832,1.5
89668.83913722596,43131.50998741855,0.0,0.0,0.0,-0.8641775047575619,0.5031870827743832,1.5
89668.59233446623,43131.07514446093,0.0,0.0,0.0,-0.8641775047575619,0.5031870827743832,1.5
89668.34553170651,43130.640301503314,0.0,0.0,0.0,-0.8641775047575619,0.5031870827743832,1.5
89668.10603200152,43130.20145401615,0.0,0.0,0.0,-0.8567052353123144,0.5158063006482879,1.5
89667.87208814132,43129.75956005797,0.0,0.0,0.0,-0.8567052353123144,0.5158063006482879,1.5
89667.6381442811,43129.3176660998,0.0,0.0,0.0,-0.8567052353123144,0.5158063006482879,1.5
89667.40420042089,43128.875772141626,0.0,0.0,0.0,-0.8567052353123144,0.5158063006482879,1.5
89667.17025656068,43128.43387818345,0.0,0.0,0.0,-0.8567052353123144,0.5158063006482879,1.5
89666.93631270046,43127.99198422528,0.0,0.0,0.0,-0.8567052353123144,0.5158063006482879,1.5
89666.67712496014,43127.56473679592,0.0,0.0,0.0,-0.8760856354219352,0.48215553445682235,1.5
89666.40959891955,43127.14232725814,0.0,0.0,0.0,-0.8760856354219352,0.48215553445682235,1.5
89666.14207287897,43126.719917720366,0.0,0.0,0.0,-0.8760856354219352,0.48215553445682235,1.5
89665.87454683837,43126.297508182586,0.0,0.0,0.0,-0.8760856354219352,0.48215553445682235,1.5
89665.60702079778,43125.875098644814,0.0,0.0,0.0,-0.8760856354219352,0.48215553445682235,1.5
89665.34467826954,43125.449520285496,0.0,0.0,0.0,-0.8683274209497469,0.4959914213237574,1.5
89665.09068575957,43125.01883733381,0.0,0.0,0.0,-0.8683274209497469,0.4959914213237574,1.5
89664.8366932496,43124.588154382116,0.0,0.0,0.0,-0.8683274209497469,0.4959914213237574,1.5
89664.58270073963,43124.15747143042,0.0,0.0,0.0,-0.8683274209497469,0.4959914213237574,1.5
89664.32870822964,43123.726788478736,0.0,0.0,0.0,-0.8683274209497469,0.4959914213237574,1.5
89664.07471571967,43123.29610552704,0.0,0.0,0.0,-0.8683274209497469,0.4959914213237574,1.5
89663.8207232097,43122.86542257535,0.0,0.0,0.0,-0.8683274209497469,0.4959914213237574,1.5
89663.47061739478,43122.53162958915,0.0,0.0,0.0,-0.9657707506138885,0.2593971034122904,1.5
89663.03790425204,43122.281111453885,0.0,0.0,0.0,-0.9657707506138885,0.2593971034122904,1.5
89662.6051911093,43122.03059331862,0.0,0.0,0.0,-0.9657707506138885,0.2593971034122904,1.5
89662.17247796655,43121.78007518334,0.0,0.0,0.0,-0.9657707506138885,0.2593971034122904,1.5
89661.73976482381,43121.529557048074,0.0,0.0,0.0,-0.9657707506138885,0.2593971034122904,1.5
89661.30705168107,43121.279038912806,0.0,0.0,0.0,-0.9657707506138885,0.2593971034122904,1.5
89660.87433853833,43121.02852077754,0.0,0.0,0.0,-0.9657707506138885,0.2593971034122904,1.5
89660.45375908581,43120.75823806967,0.0,0.0,0.0,-0.958760558299818,0.28421504507787987,1.5
89660.03453727766,43120.48574389437,0.0,0.0,0.0,-0.958760558299818,0.28421504507787987,1.5
89659.6153154695,43120.213249719076,0.0,0.0,0.0,-0.958760558299818,0.28421504507787987,1.5
89659.19609366136,43119.94075554378,0.0,0.0,0.0,-0.958760558299818,0.28421504507787987,1.5
89658.7768718532,43119.66826136848,0.0,0.0,0.0,-0.958760558299818,0.28421504507787987,1.5
89658.35765004506,43119.395767193186,0.0,0.0,0.0,-0.958760558299818,0.28421504507787987,1.5
89657.9384282369,43119.12327301789,0.0,0.0,0.0,-0.958760558299818,0.28421504507787987,1.5
89657.50363786513,43118.87725066077,0.0,0.0,0.0,-0.9705122143351904,0.2410519483974468,1.5
89657.06174390696,43118.643306800564,0.0,0.0,0.0,-0.9705122143351904,0.2410519483974468,1.5
89656.61984994878,43118.40936294035,0.0,0.0,0.0,-0.9705122143351904,0.2410519483974468,1.5
89656.17795599061,43118.175419080144,0.0,0.0,0.0,-0.9705122143351904,0.2410519483974468,1.5
89655.73606203243,43117.94147521994,0.0,0.0,0.0,-0.9705122143351904,0.2410519483974468,1.5
89655.29416807427,43117.70753135972,0.0,0.0,0.0,-0.9705122143351904,0.2410519483974468,1.5
89654.85227411609,43117.47358749952,0.0,0.0,0.0,-0.9705122143351904,0.2410519483974468,1.5
89654.41038015792,43117.23964363931,0.0,0.0,0.0,-0.9705122143351904,0.2410519483974468,1.5
89653.96848619974,43117.005699779096,0.0,0.0,0.0,-0.9705122143351904,0.2410519483974468,1.5
89653.4795315556,43117.088782223356,0.0,0.0,0.0,0.9953877060263016,0.0959339079350832,1.5707778554022274
89652.98873487028,43117.184273655905,0.0,0.0,0.0,0.9953877060263016,0.0959339079350832,1.6443260852705612
89652.49793818497,43117.27976508845,0.0,0.0,0.0,0.9953877060263016,0.0959339079350832,1.717874315138895
89652.00714149966,43117.37525652101,0.0,0.0,0.0,0.9953877060263016,0.0959339079350832,1.7914225450072288
89651.51634481436,43117.47074795356,0.0,0.0,0.0,0.9953877060263016,0.0959339079350832,1.8649707748755626
89651.02554812905,43117.566239386106,0.0,0.0,0.0,0.9953877060263016,0.0959339079350832,1.9385190047438963
89650.53751855456,43117.67220644888,0.0,0.0,0.0,0.9868796805156107,0.16145741291562324,2.137788280245977
89650.06358705074,43117.83154548895,0.0,0.0,0.0,0.9868796805156107,0.16145741291562324,2.977589977514932
89649.58965554692,43117.99088452903,0.0,0.0,0.0,0.9868796805156107,0.16145741291562324,3.817391674783887
89649.1157240431,43118.1502235691,0.0,0.0,0.0,0.9868796805156107,0.16145741291562324,4.657193372052843
89648.64179253929,43118.309562609174,0.0,0.0,0.0,0.9868796805156107,0.16145741291562324,5.496995069321798
89648.16786103547,43118.46890164925,0.0,0.0,0.0,0.9868796805156107,0.16145741291562324,6.336796766590752
89647.69392953167,43118.62824068932,0.0,0.0,0.0,0.9868796805156107,0.16145741291562324,7.176598463859708
89647.21999802785,43118.787579729404,0.0,0.0,0.0,0.9868796805156107,0.16145741291562324,8.016400161128663
89646.75102204717,43118.9605922089,0.0,0.0,0.0,0.9828388597749671,0.18446619125531533,8.333333333333334
89646.2850498229,43119.14189274998,0.0,0.0,0.0,0.9828388597749671,0.18446619125531533,8.333333333333334
89645.81907759861,43119.323193291064,0.0,0.0,0.0,0.9828388597749671,0.18446619125531533,8.333333333333334
89645.35310537434,43119.504493832144,0.0,0.0,0.0,0.9828388597749671,0.18446619125531533,8.333333333333334
89644.88713315004,43119.685794373225,0.0,0.0,0.0,0.9828388597749671,0.18446619125531533,8.333333333333334
89644.42116092576,43119.867094914305,0.0,0.0,0.0,0.9828388597749282,0.18446619125552244,8.333333333333334
89643.95518870148,43120.048395455386,0.0,0.0,0.0,0.9828388597749282,0.18446619125552244,8.333333333333334
89643.48921647719,43120.229695996466,0.0,0.0,0.0,0.9828388597749282,0.18446619125552244,8.333333333333334
89643.02324425291,43120.41099653755,0.0,0.0,0.0,0.9828388597749282,0.18446619125552244,8.333333333333334
89642.55727202863,43120.59229707863,0.0,0.0,0.0,0.9828388597749282,0.18446619125552244,8.333333333333334
89642.09129980435,43120.77359761971,0.0,0.0,0.0,0.9828388597749282,0.18446619125552244,8.333333333333334
89641.63058846685,43120.96787021056,0.0,0.0,0.0,0.9801146773240839,0.19843190089778148,8.333333333333334
89641.16996368616,43121.16235622908,0.0,0.0,0.0,0.9801146773240839,0.19843190089778148,8.333333333333334
89640.70933890545,43121.356842247595,0.0,0.0,0.0,0.9801146773240839,0.19843190089778148,8.333333333333334
89640.24871412474,43121.55132826612,0.0,0.0,0.0,0.9801146773240839,0.19843190089778148,8.333333333333334
89639.78808934403,43121.74581428464,0.0,0.0,0.0,0.9801146773240839,0.19843190089778148,8.333333333333334
89639.32746456334,43121.940300303155,0.0,0.0,0.0,0.9801146773240839,0.19843190089778148,8.333333333333334
89638.86683978263,43122.13478632167,0.0,0.0,0.0,0.9801146773240839,0.19843190089778148,8.333333333333334
89638.42705364985,43122.36973476349,0.0,0.0,0.0,0.9622001654295769,0.27234324233822105,8.333333333333334
89638.0012244915,43122.631783476325,0.0,0.0,0.0,0.9622001654295769,0.27234324233822105,8.333333333333334
89637.57539533314,43122.893832189155,0.0,0.0,0.0,0.9622001654295769,0.27234324233822105,8.333333333333334
89637.1495661748,43123.155880901984,0.0,0.0,0.0,0.9622001654295769,0.27234324233822105,8.333333333333334
89636.72373701645,43123.417929614814,0.0,0.0,0.0,0.9622001654295769,0.27234324233822105,8.333333333333334
89636.29145162285,43123.66917981705,0.0,0.0,0.0,0.9656057545943877,0.2600106280408611,8.333333333333334
89635.85905714954,43123.92024757574,0.0,0.0,0.0,0.9656057545943877,0.2600106280408611,8.333333333333334
89635.42666267624,43124.17131533443,0.0,0.0,0.0,0.9656057545943877,0.2600106280408611,8.333333333333334
89634.99426820294,43124.42238309313,0.0,0.0,0.0,0.9656057545943877,0.2600106280408611,8.333333333333334
89634.56187372963,43124.67345085182,0.0,0.0,0.0,0.9656057545943877,0.2600106280408611,8.333333333333334
89634.17536371165,43124.983724721445,0.0,0.0,0.0,0.9225056094289749,0.38598367915246845,8.333333333333334
89633.82434711223,43125.33979683061,0.0,0.0,0.0,0.9225056094289749,0.38598367915246845,8.333333333333334
89633.47333051279,43125.69586893977,0.0,0.0,0.0,0.9225056094289749,0.38598367915246845,8.333333333333334
89633.12231391337,43126.05194104894,0.0,0.0,0.0,0.9225056094289749,0.38598367915246845,8.333333333333334
89632.77129731394,43126.40801315811,0.0,0.0,0.0,0.9225056094289749,0.38598367915246845,8.333333333333334
89632.47854681943,43126.81131662935,0.0,0.0,0.0,0.8807548517288327,0.47357247719448603,8.333333333333334
89632.2028177106,43127.22841788628,0.0,0.0,0.0,0.8807548517288327,0.47357247719448603,8.333333333333334
89631.92708860175,43127.64551914322,0.0,0.0,0.0,0.8807548517288327,0.47357247719448603,8.333333333333334
89631.6513594929,43128.06262040015,0.0,0.0,0.0,0.8807548517288327,0.47357247719448603,8.333333333333334
89631.37563038406,43128.47972165709,0.0,0.0,0.0,0.8807548517288327,0.47357247719448603,8.333333333333334
89631.09990127521,43128.89682291402,0.0,0.0,0.0,0.8807548517288327,0.47357247719448603,8.333333333333334
89630.82417216638,43129.31392417096,0.0,0.0,0.0,0.8807548517288327,0.47357247719448603,8.333333333333334
89630.54844305753,43129.731025427885,0.0,0.0,0.0,0.8807548517288327,0.47357247719448603,8.333333333333334
89630.27271394868,43130.14812668482,0.0,0.0,0.0,0.8807548517287003,0.4735724771947322,8.333333333333334
89629.99698483985,43130.565227941755,0.0,0.0,0.0,0.8807548517287003,0.4735724771947322,8.333333333333334
89629.721255731,43130.98232919869,0.0,0.0,0.0,0.8807548517287003,0.4735724771947322,8.333333333333334
89629.44552662215,43131.399430455625,0.0,0.0,0.0,0.8807548517287003,0.4735724771947322,8.333333333333334
89629.16979751331,43131.81653171256,0.0,0.0,0.0,0.8807548517287003,0.4735724771947322,8.333333333333334
89628.89406840446,43132.233632969495,0.0,0.0,0.0,0.8807548517287003,0.4735724771947322,8.333333333333334
89628.61833929563,43132.65073422643,0.0,0.0,0.0,0.8807548517287003,0.4735724771947322,8.333333333333334
89628.34261018678,43133.067835483365,0.0,0.0,0.0,0.8807548517287003,0.4735724771947322,8.333333333333334
89628.05587070782,43133.477421316784,0.0,0.0,0.0,0.8876786755288125,0.4604634285276228,8.333333333333334
89627.76789727682,43133.88616488315,0.0,0.0,0.0,0.8876786755288125,0.4604634285276228,8.333333333333334
89627.47992384584,43134.29490844951,0.0,0.0,0.0,0.8876786755288125,0.4604634285276228,8.333333333333334
89627.19195041484,43134.70365201588,0.0,0.0,0.0,0.8876786755288125,0.4604634285276228,8.333333333333334
89626.90397698386,43135.11239558224,0.0,0.0,0.0,0.8876786755288125,0.4604634285276228,8.333333333333334
89626.61600355287,43135.52113914861,0.0,0.0,0.0,0.8876786755288125,0.4604634285276228,8.333333333333334
89626.32985257318,43135.931160187,0.0,0.0,0.0,0.8865758413551225,0.4625832655052025,8.333333333333334
89626.04383585071,43136.34127533481,0.0,0.0,0.0,0.8865758413551225,0.4625832655052025,8.333333333333334
89625.75781912822,43136.75139048263,0.0,0.0,0.0,0.8865758413551225,0.4625832655052025,8.333333333333334
89625.47180240575,43137.161505630436,0.0,0.0,0.0,0.8865758413551225,0.4625832655052025,8.333333333333334
89625.18578568328,43137.571620778246,0.0,0.0,0.0,0.8865758413551225,0.4625832655052025,8.333333333333334
89624.89976896081,43137.981735926056,0.0,0.0,0.0,0.8865758413551225,0.4625832655052025,8.333333333333334
89624.6136806561,43138.39180114236,0.0,0.0,0.0,0.8866177348157583,0.46250296465014545,8.333333333333334
89624.32758964841,43138.80186447323,0.0,0.0,0.0,0.8866177348157583,0.46250296465014545,8.333333333333334
89624.04149864071,43139.21192780409,0.0,0.0,0.0,0.8866177348157583,0.46250296465014545,8.333333333333334
89623.75540763303,43139.621991134954,0.0,0.0,0.0,0.8866177348157583,0.46250296465014545,8.333333333333334
89623.46931662534,43140.03205446582,0.0,0.0,0.0,0.8866177348157583,0.46250296465014545,8.333333333333334
89623.18322561764,43140.44211779668,0.0,0.0,0.0,0.8866177348157583,0.46250296465014545,8.333333333333334
89622.8981847089,43140.85291175123,0.0,0.0,0.0,0.886022717946053,0.4636418265034863,8.333333333333334
89622.61314845219,43141.2637089425,0.0,0.0,0.0,0.886022717946053,0.4636418265034863,8.333333333333334
89622.32811219546,43141.67450613377,0.0,0.0,0.0,0.886022717946053,0.4636418265034863,8.333333333333334
89622.04307593875,43142.085303325046,0.0,0.0,0.0,0.886022717946053,0.4636418265034863,8.333333333333334
89621.75803968204,43142.49610051631,0.0,0.0,0.0,0.886022717946053,0.4636418265034863,8.333333333333334
89621.47301208918,43142.906903714065,0.0,0.0,0.0,0.8858404744325861,0.4639899286159677,8.333333333333334
89621.18829874304,43143.317924772564,0.0,0.0,0.0,0.8858404744325861,0.4639899286159677,8.333333333333334
89620.9035853969,43143.72894583106,0.0,0.0,0.0,0.8858404744325861,0.4639899286159677,8.333333333333334
89620.61887205075,43144.139966889554,0.0,0.0,0.0,0.8858404744325861,0.4639899286159677,8.333333333333334
89620.33415870462,43144.55098794805,0.0,0.0,0.0,0.8858404744325861,0.4639899286159677,8.333333333333334
89620.04944535847,43144.96200900655,0.0,0.0,0.0,0.8858404744325861,0.4639899286159677,8.333333333333334
89619.76491495369,43145.37315575893,0.0,0.0,0.0,0.8840654740746551,0.4673630682340607,8.333333333333334
89619.48334319124,43145.78633531141,0.0,0.0,0.0,0.8840654740746551,0.4673630682340607,8.333333333333334
89619.2017714288,43146.19951486389,0.0,0.0,0.0,0.8840654740746551,0.4673630682340607,8.333333333333334
89618.92019966633,43146.61269441638,0.0,0.0,0.0,0.8840654740746551,0.4673630682340607,8.333333333333334
89618.63862790389,43147.02587396886,0.0,0.0,0.0,0.8840654740746551,0.4673630682340607,8.333333333333334
89618.35705614144,43147.43905352134,0.0,0.0,0.0,0.8840654740746551,0.4673630682340607,8.333333333333334
89618.07585708407,43147.852484362214,0.0,0.0,0.0,0.8817338975541988,0.47174710799736924,8.333333333333334
89617.79840241796,43148.2684397784,0.0,0.0,0.0,0.8817338975541988,0.47174710799736924,8.333333333333334
89617.52094775187,43148.6843951946,0.0,0.0,0.0,0.8817338975541988,0.47174710799736924,8.333333333333334
89617.24349308577,43149.100350610795,0.0,0.0,0.0,0.8817338975541988,0.47174710799736924,8.333333333333334
89616.96603841968,43149.51630602699,0.0,0.0,0.0,0.8817338975541988,0.47174710799736924,8.333333333333334
89616.68858375358,43149.93226144319,0.0,0.0,0.0,0.8817338975541988,0.47174710799736924,8.333333333333334
89616.4126736167,43150.34921474596,0.0,0.0,0.0,0.8747329353994254,0.48460529477865233,8.333333333333334
89616.14751590842,43150.77311495798,0.0,0.0,0.0,0.8747329353994254,0.48460529477865233,8.333333333333334
89615.88235820015,43151.197015169986,0.0,0.0,0.0,0.8747329353994254,0.48460529477865233,8.333333333333334
89615.61720049188,43151.620915382,0.0,0.0,0.0,0.8747329353994254,0.48460529477865233,8.333333333333334
89615.3520427836,43152.04481559401,0.0,0.0,0.0,0.8747329353994254,0.48460529477865233,8.333333333333334
89615.08688507533,43152.46871580602,0.0,0.0,0.0,0.8747329353994254,0.48460529477865233,8.333333333333334
89614.82809576919,43152.89621133092,0.0,0.0,0.0,0.8520352631869781,0.5234843935456882,8.333333333333334
89614.60213167946,43153.34223849395,0.0,0.0,0.0,0.8520352631869781,0.5234843935456882,8.333333333333334
89614.37616758975,43153.78826565697,0.0,0.0,0.0,0.8520352631869781,0.5234843935456882,8.333333333333334
89614.15020350004,43154.23429282,0.0,0.0,0.0,0.8520352631869781,0.5234843935456882,8.333333333333334
89613.92423941032,43154.68031998303,0.0,0.0,0.0,0.8520352631869781,0.5234843935456882,8.333333333333334
89613.69827532061,43155.12634714606,0.0,0.0,0.0,0.8520352631869781,0.5234843935456882,8.333333333333334
89613.48919096024,43155.57900700202,0.0,0.0,0.0,0.7988249148909662,0.6015635921076347,8.333333333333334
89613.3510697156,43156.05955098729,0.0,0.0,0.0,0.7988249148909662,0.6015635921076347,8.333333333333334
89613.21294847094,43156.54009497255,0.0,0.0,0.0,0.7988249148909662,0.6015635921076347,8.333333333333334
89613.0748272263,43157.02063895782,0.0,0.0,0.0,0.7988249148909662,0.6015635921076347,8.333333333333334
89612.93670598164,43157.50118294309,0.0,0.0,0.0,0.7988249148909662,0.6015635921076347,8.333333333333334
89612.798584737,43157.98172692835,0.0,0.0,0.0,0.7988249148909662,0.6015635921076347,8.333333333333334
89612.69468264784,43158.46688199811,0.0,0.0,0.0,0.7028539955455397,0.7113341415577284,8.333333333333334
89612.70067890878,43158.96684604167,0.0,0.0,0.0,0.7028539955455397,0.7113341415577284,8.333333333333334
89612.70667516973,43159.46681008523,0.0,0.0,0.0,0.7028539955455397,0.7113341415577284,8.333333333333334
89612.71267143067,43159.96677412879,0.0,0.0,0.0,0.7028539955455397,0.7113341415577284,8.333333333333334
89612.71866769162,43160.466738172356,0.0,0.0,0.0,0.7028539955455397,0.7113341415577284,8.333333333333334
89612.72466395257,43160.96670221592,0.0,0.0,0.0,0.7028539955455397,0.7113341415577284,8.333333333333334
89612.77366146787,43161.45856354954,0.0,0.0,0.0,0.5688843952383383,0.8224175003332006,8.333333333333334
89612.95003201273,43161.92642403185,0.0,0.0,0.0,0.5688843952383383,0.8224175003332006,8.333333333333334
89613.12640255758,43162.394284514165,0.0,0.0,0.0,0.5688843952383383,0.8224175003332006,8.333333333333334
89613.30277310243,43162.86214499647,0.0,0.0,0.0,0.5688843952383383,0.8224175003332006,8.333333333333334
89613.47914364729,43163.33000547878,0.0,0.0,0.0,0.5688843952383383,0.8224175003332006,8.333333333333334
89613.65551419214,43163.797865961096,0.0,0.0,0.0,0.5688843952383383,0.8224175003332006,8.333333333333334
89613.9017715228,43164.21507019283,0.0,0.0,0.0,0.332024351633184,0.9432708147306179,8.333333333333334
89614.29153135272,43164.52825907351,0.0,0.0,0.0,0.332024351633184,0.9432708147306179,8.333333333333334
89614.68129118264,43164.84144795418,0.0,0.0,0.0,0.332024351633184,0.9432708147306179,8.333333333333334
89615.07105101256,43165.154636834865,0.0,0.0,0.0,0.332024351633184,0.9432708147306179,8.333333333333334
89615.46081084249,43165.46782571554,0.0,0.0,0.0,0.332024351633184,0.9432708147306179,8.333333333333334
89615.85057067241,43165.781014596214,0.0,0.0,0.0,0.332024351633184,0.9432708147306179,8.333333333333334
89616.29267071886,43165.981378198165,0.0,0.0,0.0,0.09576117963897977,0.9954043381833089,8.333333333333334
89616.78350051533,43166.07669929181,0.0,0.0,0.0,0.09576117963897977,0.9954043381833089,8.333333333333334
89617.2743303118,43166.17202038545,0.0,0.0,0.0,0.09576117963897977,0.9954043381833089,8.333333333333334
89617.76516010828,43166.26734147909,0.0,0.0,0.0,0.09576117963897977,0.9954043381833089,8.333333333333334
89618.25598990476,43166.362662572734,0.0,0.0,0.0,0.09576117963897977,0.9954043381833089,8.333333333333334
89618.74681970123,43166.457983666376,0.0,0.0,0.0,0.09576117963897977,0.9954043381833089,8.333333333333334
89619.22582501401,43166.39885426493,0.0,0.0,0.0,-0.17146598580861655,0.9851900404037179,8.333333333333334
89619.69642442973,43166.229927683446,0.0,0.0,0.0,-0.17146598580861655,0.9851900404037179,8.333333333333334
89620.16702384544,43166.06100110195,0.0,0.0,0.0,-0.17146598580861655,0.9851900404037179,8.333333333333334
89620.63762326115,43165.89207452047,0.0,0.0,0.0,-0.17146598580861655,0.9851900404037179,8.333333333333334
89621.10822267686,43165.72314793898,0.0,0.0,0.0,-0.17146598580861655,0.9851900404037179,8.333333333333334
89621.57882209258,43165.554221357495,0.0,0.0,0.0,-0.17146598580861655,0.9851900404037179,8.333333333333334
89621.970717535,43165.258013708706,0.0,0.0,0.0,-0.3722981364651079,0.9281131922263619,8.333333333333334
89622.33211163258,43164.91247889681,0.0,0.0,0.0,-0.3722981364651079,0.9281131922263619,8.333333333333334
89622.69350573017,43164.566944084916,0.0,0.0,0.0,-0.3722981364651079,0.9281131922263619,8.333333333333334
89623.05489982775,43164.22140927302,0.0,0.0,0.0,-0.3722981364651079,0.9281131922263619,8.333333333333334
89623.41629392534,43163.875874461126,0.0,0.0,0.0,-0.3722981364651079,0.9281131922263619,8.333333333333334
89623.77768802292,43163.53033964923,0.0,0.0,0.0,-0.3722981364651079,0.9281131922263619,8.333333333333334
89624.10430172742,43163.152985252804,0.0,0.0,0.0,-0.43347161461633327,0.9011672205101054,8.333333333333334
89624.41640408675,43162.76235484269,0.0,0.0,0.0,-0.43347161461633327,0.9011672205101054,8.333333333333334
89624.72850644607,43162.37172443258,0.0,0.0,0.0,-0.43347161461633327,0.9011672205101054,8.333333333333334
89625.04060880539,43161.98109402246,0.0,0.0,0.0,-0.43347161461633327,0.9011672205101054,8.333333333333334
89625.35271116471,43161.59046361235,0.0,0.0,0.0,-0.43347161461633327,0.9011672205101054,8.333333333333334
89625.66481352404,43161.199833202234,0.0,0.0,0.0,-0.43347161461633327,0.9011672205101054,8.333333333333334
89625.92351215024,43160.773452349036,0.0,0.0,0.0,-0.5077202816800768,0.8615219762552221,8.333333333333334
89626.16573226581,43160.33604016858,0.0,0.0,0.0,-0.5077202816800768,0.8615219762552221,8.333333333333334
89626.40795238139,43159.89862798812,0.0,0.0,0.0,-0.5077202816800768,0.8615219762552221,8.333333333333334
89626.65017249696,43159.46121580766,0.0,0.0,0.0,-0.5077202816800768,0.8615219762552221,8.333333333333334
89626.89239261253,43159.023803627206,0.0,0.0,0.0,-0.5077202816800768,0.8615219762552221,8.333333333333334
89627.1346127281,43158.58639144675,0.0,0.0,0.0,-0.5077202816800768,0.8615219762552221,8.333333333333334
89627.35330022706,43158.13693913463,0.0,0.0,0.0,-0.5357086988320535,0.8444028600115399,8.333333333333334
89627.56631641705,43157.6845851772,0.0,0.0,0.0,-0.5357086988320535,0.8444028600115399,8.333333333333334
89627.77933260705,43157.23223121978,0.0,0.0,0.0,-0.5357086988320535,0.8444028600115399,8.333333333333334
89627.99234879705,43156.77987726235,0.0,0.0,0.0,-0.5357086988320535,0.8444028600115399,8.333333333333334
89628.20536498704,43156.32752330492,0.0,0.0,0.0,-0.5357086988320535,0.8444028600115399,8.333333333333334
89628.41838117703,43155.8751693475,0.0,0.0,0.0,-0.5357086988320535,0.8444028600115399,8.333333333333334
89628.61139150837,43155.41402431527,0.0,0.0,0.0,-0.5575441010496636,0.8301473214946384,8.333333333333334
89628.80053608376,43154.95118057317,0.0,0.0,0.0,-0.5575441010496636,0.8301473214946384,8.333333333333334
89628.98968065914,43154.48833683107,0.0,0.0,0.0,-0.5575441010496636,0.8301473214946384,8.333333333333334
89629.17882523453,43154.025493088964,0.0,0.0,0.0,-0.5575441010496636,0.8301473214946384,8.333333333333334
89629.36796980991,43153.562649346866,0.0,0.0,0.0,-0.5575441010496636,0.8301473214946384,8.333333333333334
89629.5571143853,43153.09980560476,0.0,0.0,0.0,-0.5575441010496636,0.8301473214946384,8.333333333333334
89629.73500730451,43152.63254619735,0.0,0.0,0.0,-0.569086621168504,0.8222775794140417,8.333333333333334
89629.91114772212,43152.164599028016,0.0,0.0,0.0,-0.569086621168504,0.8222775794140417,8.333333333333334
89630.08728813972,43151.696651858685,0.0,0.0,0.0,-0.569086621168504,0.8222775794140417,8.333333333333334
89630.26342855733,43151.228704689354,0.0,0.0,0.0,-0.569086621168504,0.8222775794140417,8.333333333333334
89630.43956897494,43150.76075752002,0.0,0.0,0.0,-0.569086621168504,0.8222775794140417,8.333333333333334
89630.61570939254,43150.29281035069,0.0,0.0,0.0,-0.569086621168504,0.8222775794140417,8.333333333333334
89630.87813118493,43149.86847706125,0.0,0.0,0.0,-0.4771213576660648,0.878837419582764,8.333333333333334
89631.15048639498,43149.44916495846,0.0,0.0,0.0,-0.4771213576660648,0.878837419582764,8.333333333333334
89631.42284160505,43149.02985285566,0.0,0.0,0.0,-0.4771213576660648,0.878837419582764,8.333333333333334
89631.6951968151,43148.61054075286,0.0,0.0,0.0,-0.4771213576660648,0.878837419582764,8.333333333333334
89631.96755202516,43148.19122865006,0.0,0.0,0.0,-0.4771213576660648,0.878837419582764,8.333333333333334
89632.23990723521,43147.77191654726,0.0,0.0,0.0,-0.4771213576660648,0.878837419582764,8.333333333333334
89632.43965543377,43147.3139011116,0.0,0.0,0.0,-0.551099706575186,0.8344394006833233,8.333333333333334
89632.63594454718,43146.854041802726,0.0,0.0,0.0,-0.551099706575186,0.8344394006833233,8.333333333333334
89632.83223366059,43146.39418249386,0.0,0.0,0.0,-0.551099706575186,0.8344394006833233,8.333333333333334
89633.02852277401,43145.934323184985,0.0,0.0,0.0,-0.551099706575186,0.8344394006833233,8.333333333333334
89633.22748553762,43145.475728479585,0.0,0.0,0.0,-0.5186828293851513,0.8549667376576787,8.333333333333334
89633.45845366012,43145.03227191306,0.0,0.0,0.0,-0.5186828293851513,0.8549667376576787,8.333333333333334
89633.68942178262,43144.58881534655,0.0,0.0,0.0,-0.5186828293851513,0.8549667376576787,8.333333333333334
89633.92038990512,43144.14535878003,0.0,0.0,0.0,-0.5186828293851513,0.8549667376576787,8.333333333333334
89634.15135802762,43143.701902213514,0.0,0.0,0.0,-0.5186828293851513,0.8549667376576787,8.333333333333334
89634.38232615011,43143.25844564699,0.0,0.0,0.0,-0.5186828293851513,0.8549667376576787,8.333333333333334
89634.63048943444,43142.82459744018,0.0,0.0,0.0,-0.49334011371928826,0.8698364973921476,8.333333333333334
89634.88710496662,43142.39547220364,0.0,0.0,0.0,-0.49334011371928826,0.8698364973921476,8.333333333333334
89635.14372049882,43141.9663469671,0.0,0.0,0.0,-0.49334011371928826,0.8698364973921476,8.333333333333334
89635.40033603102,43141.53722173056,0.0,0.0,0.0,-0.49334011371928826,0.8698364973921476,8.333333333333334
89635.65695156321,43141.10809649402,0.0,0.0,0.0,-0.49334011371928826,0.8698364973921476,8.333333333333334
89635.91356709541,43140.67897125748,0.0,0.0,0.0,-0.49334011371928826,0.8698364973921476,8.333333333333334
89636.19185693489,43140.267899479295,0.0,0.0,0.0,-0.3526139839977672,0.9357688701219027,8.333333333333334
89636.56752031317,43139.937934289905,0.0,0.0,0.0,-0.3526139839977672,0.9357688701219027,8.333333333333334
89636.94318369146,43139.60796910051,0.0,0.0,0.0,-0.3526139839977672,0.9357688701219027,8.333333333333334
89637.31884706975,43139.27800391112,0.0,0.0,0.0,-0.3526139839977672,0.9357688701219027,8.333333333333334
89637.69451044804,43138.94803872172,0.0,0.0,0.0,-0.3526139839977672,0.9357688701219027,8.333333333333334
89638.07017382633,43138.61807353232,0.0,0.0,0.0,-0.3526139839977672,0.9357688701219027,8.333333333333334
89638.45201132009,43138.29723299092,0.0,0.0,0.0,-0.23236978424659124,0.9726275152231674,8.333333333333334
89638.89801560345,43138.07122374505,0.0,0.0,0.0,-0.23236978424659124,0.9726275152231674,8.333333333333334
89639.34401988682,43137.84521449919,0.0,0.0,0.0,-0.23236978424659124,0.9726275152231674,8.333333333333334
89639.79002417019,43137.61920525332,0.0,0.0,0.0,-0.23236978424659124,0.9726275152231674,8.333333333333334
89640.23602845355,43137.393196007455,0.0,0.0,0.0,-0.23236978424659124,0.9726275152231674,8.333333333333334
89640.68203273692,43137.167186761595,0.0,0.0,0.0,-0.23236978424659124,0.9726275152231674,8.333333333333334
89641.1767575875,43137.105073390216,0.0,0.0,0.0,-0.05440574292758456,0.9985189107555739,8.333333333333334
89641.67379760263,43137.05074822705,0.0,0.0,0.0,-0.05440574292758456,0.9985189107555739,8.333333333333334
89642.17083761777,43136.99642306388,0.0,0.0,0.0,-0.05440574292758456,0.9985189107555739,8.333333333333334
89642.6678776329,43136.94209790071,0.0,0.0,0.0,-0.05440574292758456,0.9985189107555739,8.333333333333334
89643.14929337888,43137.033311692176,0.0,0.0,0.0,0.16067803779135187,0.9870068734165537,8.333333333333334
89643.62347594705,43137.191902019884,0.0,0.0,0.0,0.16067803779135187,0.9870068734165537,8.333333333333334
89644.09765851522,43137.35049234759,0.0,0.0,0.0,0.16067803779135187,0.9870068734165537,8.333333333333334
89644.5718410834,43137.5090826753,0.0,0.0,0.0,0.16067803779135187,0.9870068734165537,8.333333333333334
89645.0188853059,43137.715957942004,0.0,0.0,0.0,0.34352406870127616,0.9391438730156956,8.333333333333334
89645.40087652011,43138.03857646636,0.0,0.0,0.0,0.34352406870127616,0.9391438730156956,8.333333333333334
89645.78286773434,43138.36119499071,0.0,0.0,0.0,0.34352406870127616,0.9391438730156956,8.333333333333334
89646.16485894856,43138.68381351507,0.0,0.0,0.0,0.34352406870127616,0.9391438730156956,8.333333333333334
89646.54685016278,43139.00643203942,0.0,0.0,0.0,0.34352406870127616,0.9391438730156956,8.333333333333334
89646.83443534064,43139.39831073806,0.0,0.0,0.0,0.5540159306970269,0.832506065163436,8.333333333333334
89647.02750168917,43139.85953236056,0.0,0.0,0.0,0.5540159306970269,0.832506065163436,8.333333333333334
89647.22056803771,43140.32075398306,0.0,0.0,0.0,0.5540159306970269,0.832506065163436,8.333333333333334
89647.41363438625,43140.78197560557,0.0,0.0,0.0,0.5540159306970269,0.832506065163436,8.333333333333334
89647.60670073477,43141.24319722807,0.0,0.0,0.0,0.5540159306970269,0.832506065163436,8.333333333333334
89647.62255567496,43141.742001197024,0.0,0.0,0.0,0.699455895980281,0.71467576534987,8.333333333333334
89647.63331712454,43142.24188537482,0.0,0.0,0.0,0.699455895980281,0.71467576534987,8.333333333333334
89647.64407857411,43142.7417695526,0.0,0.0,0.0,0.699455895980281,0.71467576534987,8.333333333333334
89647.6548400237,43143.24165373039,0.0,0.0,0.0,0.699455895980281,0.71467576534987,8.333333333333334
89647.66560147327,43143.74153790818,0.0,0.0,0.0,0.699455895980281,0.71467576534987,8.333333333333334
89647.67636292285,43144.241422085965,0.0,0.0,0.0,0.699455895980281,0.71467576534987,8.333333333333334
89647.68712437243,43144.74130626376,0.0,0.0,0.0,0.699455895980281,0.71467576534987,8.333333333333334
89647.64070569554,43145.227806414056,0.0,0.0,0.0,0.8552788908611095,0.5181679446351253,8.333333333333334
89647.40920371437,43145.67098451902,0.0,0.0,0.0,0.8552788908611095,0.5181679446351253,8.333333333333334
89647.17770173322,43146.11416262399,0.0,0.0,0.0,0.8552788908611095,0.5181679446351253,8.333333333333334
89646.94619975207,43146.557340728956,0.0,0.0,0.0,0.8552788908611095,0.5181679446351253,8.333333333333334
89646.71469777092,43147.00051883393,0.0,0.0,0.0,0.8552788908611095,0.5181679446351253,8.333333333333334
89646.48319578977,43147.44369693889,0.0,0.0,0.0,0.8552788908611095,0.5181679446351253,8.333333333333334
89646.2516012616,43147.88682665959,0.0,0.0,0.0,0.8554577728148866,0.5178725701662464,8.333333333333334
89646.01979326054,43148.32984477507,0.0,0.0,0.0,0.8554577728148866,0.5178725701662464,8.333333333333334
89645.78798525946,43148.772862890546,0.0,0.0,0.0,0.8554577728148866,0.5178725701662464,8.333333333333334
89645.55617725839,43149.21588100602,0.0,0.0,0.0,0.8554577728148866,0.5178725701662464,8.333333333333334
89645.32436925733,43149.658899121496,0.0,0.0,0.0,0.8554577728148866,0.5178725701662464,8.333333333333334
89645.09256125626,43150.10191723698,0.0,0.0,0.0,0.8554577728148866,0.5178725701662464,8.333333333333334
89644.85994553815,43150.544455859395,0.0,0.0,0.0,0.882001167353983,0.47124721833259803,8.333333333333334
89644.58201947893,43150.96009645608,0.0,0.0,0.0,0.882001167353983,0.47124721833259803,8.333333333333334
89644.30409341972,43151.37573705276,0.0,0.0,0.0,0.882001167353983,0.47124721833259803,8.333333333333334
89644.0261673605,43151.791377649446,0.0,0.0,0.0,0.882001167353983,0.47124721833259803,8.333333333333334
89643.74824130129,43152.207018246125,0.0,0.0,0.0,0.882001167353983,0.47124721833259803,8.333333333333334
89643.47031524207,43152.6226588428,0.0,0.0,0.0,0.882001167353983,0.47124721833259803,8.333333333333334
89643.19238918286,43153.03829943949,0.0,0.0,0.0,0.882001167353983,0.47124721833259803,8.333333333333334
89642.87050837355,43153.42035051646,0.0,0.0,0.0,0.9099741023570471,0.4146650853875768,8.333333333333334
89642.5424555066,43153.79768500532,0.0,0.0,0.0,0.9099741023570471,0.4146650853875768,8.333333333333334
89642.21440263963,43154.17501949417,0.0,0.0,0.0,0.9099741023570471,0.4146650853875768,8.333333333333334
89641.88634977267,43154.552353983025,0.0,0.0,0.0,0.9099741023570471,0.4146650853875768,8.333333333333334
89641.55829690571,43154.92968847188,0.0,0.0,0.0,0.9099741023570471,0.4146650853875768,8.333333333333334
89641.20811555684,43155.28547641386,0.0,0.0,0.0,0.9319120116419387,0.36268443936495975,8.333333333333334
89640.83965555941,43155.62346639934,0.0,0.0,0.0,0.9319120116419387,0.36268443936495975,8.333333333333334
89640.47119556196,43155.96145638482,0.0,0.0,0.0,0.9319120116419387,0.36268443936495975,8.333333333333334
89640.10273556452,43156.2994463703,0.0,0.0,0.0,0.9319120116419387,0.36268443936495975,8.333333333333334
89639.73427556707,43156.63743635578,0.0,0.0,0.0,0.9319120116419387,0.36268443936495975,8.333333333333334
89639.38378494835,43156.992077134644,0.0,0.0,0.0,0.8994355144724612,0.437053492499098,8.333333333333334
89639.07480070366,43157.38517856752,0.0,0.0,0.0,0.8994355144724612,0.437053492499098,8.333333333333334
89638.76581645897,43157.7782800004,0.0,0.0,0.0,0.8994355144724612,0.437053492499098,8.333333333333334
89638.45683221427,43158.171381433276,0.0,0.0,0.0,0.8994355144724612,0.437053492499098,8.333333333333334
89638.14784796958,43158.56448286615,0.0,0.0,0.0,0.8994355144724612,0.437053492499098,8.333333333333334
89637.83886372489,43158.95758429903,0.0,0.0,0.0,0.8994355144724612,0.437053492499098,8.333333333333334
89637.52655818472,43159.348007429166,0.0,0.0,0.0,0.9048184535022841,0.4257975648142377,8.333333333333334
89637.20786175093,43159.73327692327,0.0,0.0,0.0,0.9048184535022841,0.4257975648142377,8.333333333333334
89636.88916531713,43160.11854641737,0.0,0.0,0.0,0.9048184535022841,0.4257975648142377,8.333333333333334
89636.57046888334,43160.50381591146,0.0,0.0,0.0,0.9048184535022841,0.4257975648142377,8.333333333333334
89636.25177244953,43160.889085405564,0.0,0.0,0.0,0.9048184535022841,0.4257975648142377,8.333333333333334
89635.93307601573,43161.274354899666,0.0,0.0,0.0,0.9048184535022841,0.4257975648142377,8.333333333333334
89635.6115542444,43161.65723911775,0.0,0.0,0.0,0.9090449834628126,0.4166979938049796,8.333333333333334
89635.28519146245,43162.036036338635,0.0,0.0,0.0,0.9090449834628126,0.4166979938049796,8.333333333333334
89634.95882868048,43162.414833559524,0.0,0.0,0.0,0.9090449834628126,0.4166979938049796,8.333333333333334
89634.63246589852,43162.79363078041,0.0,0.0,0.0,0.9090449834628126,0.4166979938049796,8.333333333333334
89634.30610311657,43163.17242800129,0.0,0.0,0.0,0.9090449834628126,0.4166979938049796,8.333333333333334
89633.9797403346,43163.55122522218,0.0,0.0,0.0,0.9090449834628126,0.4166979938049796,8.333333333333334
89633.65175693932,43163.92861101633,0.0,0.0,0.0,0.9112566626678846,0.4118389184418941,8.333333333333334
89633.32136823406,43164.30390197471,0.0,0.0,0.0,0.9112566626678846,0.4118389184418941,8.333333333333334
89632.9909795288,43164.67919293309,0.0,0.0,0.0,0.9112566626678846,0.4118389184418941,8.333333333333334
89632.66059082355,43165.054483891465,0.0,0.0,0.0,0.9112566626678846,0.4118389184418941,8.333333333333334
89632.33020211829,43165.429774849836,0.0,0.0,0.0,0.9112566626678846,0.4118389184418941,8.333333333333334
89631.99981341303,43165.805065808214,0.0,0.0,0.0,0.9112566626678846,0.4118389184418941,8.333333333333334
89631.67331029128,43166.18369362041,0.0,0.0,0.0,0.9061282124747289,0.4230031472192053,8.333333333333334
89631.35224195383,43166.56698870607,0.0,0.0,0.0,0.9061282124747289,0.4230031472192053,8.333333333333334
89631.0311736164,43166.95028379174,0.0,0.0,0.0,0.9061282124747289,0.4230031472192053,8.333333333333334
89630.71010527895,43167.3335788774,0.0,0.0,0.0,0.9061282124747289,0.4230031472192053,8.333333333333334
89630.38903694152,43167.71687396306,0.0,0.0,0.0,0.9061282124747289,0.4230031472192053,8.333333333333334
89630.06796860407,43168.10016904872,0.0,0.0,0.0,0.9061282124747289,0.4230031472192053,8.333333333333334
89629.75409606952,43168.48921532336,0.0,0.0,0.0,0.8961587401628248,0.4437336052518206,8.333333333333334
89629.45099558194,43168.88687107201,0.0,0.0,0.0,0.8961587401628248,0.4437336052518206,8.333333333333334
89629.14789509437,43169.28452682066,0.0,0.0,0.0,0.8961587401628248,0.4437336052518206,8.333333333333334
89628.8447946068,43169.68218256931,0.0,0.0,0.0,0.8961587401628248,0.4437336052518206,8.333333333333334
89628.54169411924,43170.079838317964,0.0,0.0,0.0,0.8961587401628248,0.4437336052518206,8.333333333333334
89628.23859363166,43170.47749406661,0.0,0.0,0.0,0.8961587401628248,0.4437336052518206,8.333333333333334
89627.92354540734,43170.86538219705,0.0,0.0,0.0,0.910750913033808,0.41295614102236705,8.333333333333334
89627.59407818173,43171.24148237953,0.0,0.0,0.0,0.910750913033808,0.41295614102236705,8.333333333333334
89627.26461095615,43171.617582562016,0.0,0.0,0.0,0.910750913033808,0.41295614102236705,8.333333333333334
89626.93514373056,43171.99368274449,0.0,0.0,0.0,0.910750913033808,0.41295614102236705,8.333333333333334
89626.60567650496,43172.36978292697,0.0,0.0,0.0,0.910750913033808,0.41295614102236705,8.333333333333334
89626.27620927937,43172.74588310945,0.0,0.0,0.0,0.910750913033808,0.41295614102236705,8.333333333333334
89625.92634188914,43173.10260614799,0.0,0.0,0.0,0.9266429901665514,0.37594250727364215,8.333333333333334
89625.56767465791,43173.450970637066,0.0,0.0,0.0,0.9266429901665514,0.37594250727364215,8.333333333333334
89625.20900742669,43173.79933512614,0.0,0.0,0.0,0.9266429901665514,0.37594250727364215,8.333333333333334
89624.85034019547,43174.147699615205,0.0,0.0,0.0,0.9266429901665514,0.37594250727364215,8.333333333333334
89624.49167296424,43174.49606410428,0.0,0.0,0.0,0.9266429901665514,0.37594250727364215,8.333333333333334
89624.13300573302,43174.84442859335,0.0,0.0,0.0,0.9266429901665514,0.37594250727364215,8.333333333333334
89623.76107676174,43175.177970756515,0.0,0.0,0.0,0.941253485813917,0.3377008668084083,8.333333333333334
89623.37511863718,43175.49583287456,0.0,0.0,0.0,0.941253485813917,0.3377008668084083,8.333333333333334
89622.98916051263,43175.813694992605,0.0,0.0,0.0,0.941253485813917,0.3377008668084083,8.333333333333334
89622.60320238807,43176.13155711065,0.0,0.0,0.0,0.941253485813917,0.3377008668084083,8.333333333333334
89622.21724426352,43176.449419228695,0.0,0.0,0.0,0.941253485813917,0.3377008668084083,8.333333333333334
89621.83128613896,43176.76728134674,0.0,0.0,0.0,0.941253485813917,0.3377008668084083,8.333333333333334
89621.53056561049,43177.15173545054,0.0,0.0,0.0,0.8455940572063416,0.5338264609564781,8.333333333333334
89621.31553630091,43177.6031359335,0.0,0.0,0.0,0.8455940572063416,0.5338264609564781,8.333333333333334
89621.10050699132,43178.05453641647,0.0,0.0,0.0,0.8455940572063416,0.5338264609564781,8.333333333333334
89620.88547768175,43178.50593689943,0.0,0.0,0.0,0.8455940572063416,0.5338264609564781,8.333333333333334
89620.67044837217,43178.9573373824,0.0,0.0,0.0,0.8455940572063416,0.5338264609564781,8.333333333333334
89620.45541906258,43179.408737865364,0.0,0.0,0.0,0.8455940572063416,0.5338264609564781,8.333333333333334
89620.240389753,43179.860138348326,0.0,0.0,0.0,0.8455940572063416,0.5338264609564781,8.333333333333334
89620.25947394023,43180.354610452625,0.0,0.0,0.0,0.6780175724580781,0.7350456934354862,8.333333333333334
89620.29976611167,43180.85298434934,0.0,0.0,0.0,0.6780175724580781,0.7350456934354862,8.333333333333334
89620.34005828311,43181.351358246044,0.0,0.0,0.0,0.6780175724580781,0.7350456934354862,8.333333333333334
89620.38035045455,43181.84973214276,0.0,0.0,0.0,0.6780175724580781,0.7350456934354862,8.333333333333334
89620.42064262598,43182.34810603946,0.0,0.0,0.0,0.6780175724580781,0.7350456934354862,8.333333333333334
89620.47295364016,43182.8436961635,0.0,0.0,0.0,0.5630982111452201,0.826389983364424,8.333333333333334
89620.65587404477,43183.30903488484,0.0,0.0,0.0,0.5630982111452201,0.826389983364424,8.333333333333334
89620.83879444937,43183.77437360618,0.0,0.0,0.0,0.5630982111452201,0.826389983364424,8.333333333333334
89621.02171485398,43184.23971232752,0.0,0.0,0.0,0.5630982111452201,0.826389983364424,8.333333333333334
89621.20463525857,43184.70505104886,0.0,0.0,0.0,0.5630982111452201,0.826389983364424,8.333333333333334
89621.38755566318,43185.1703897702,0.0,0.0,0.0,0.5630982111452201,0.826389983364424,8.333333333333334
89621.60915617461,43185.607064057294,0.0,0.0,0.0,0.3286829582510043,0.9444403173072232,8.333333333333334
89622.00112368757,43185.917485494676,0.0,0.0,0.0,0.3286829582510043,0.9444403173072232,8.333333333333334
89622.39309120053,43186.227906932065,0.0,0.0,0.0,0.3286829582510043,0.9444403173072232,8.333333333333334
89622.78505871349,43186.53832836945,0.0,0.0,0.0,0.3286829582510043,0.9444403173072232,8.333333333333334
89623.17702622643,43186.84874980683,0.0,0.0,0.0,0.3286829582510043,0.9444403173072232,8.333333333333334
89623.56899373939,43187.15917124422,0.0,0.0,0.0,0.3286829582510043,0.9444403173072232,8.333333333333334
89623.98471098633,43187.422212600184,0.0,0.0,0.0,0.12938257007302117,0.9915947511767595,8.333333333333334
89624.4679711369,43187.55050767756,0.0,0.0,0.0,0.12938257007302117,0.9915947511767595,8.333333333333334
89624.95123128746,43187.67880275494,0.0,0.0,0.0,0.12938257007302117,0.9915947511767595,8.333333333333334
89625.43449143802,43187.807097832316,0.0,0.0,0.0,0.12938257007302117,0.9915947511767595,8.333333333333334
89625.91775158858,43187.9353929097,0.0,0.0,0.0,0.12938257007302117,0.9915947511767595,8.333333333333334
89626.40101173914,43188.06368798707,0.0,0.0,0.0,0.12938257007302117,0.9915947511767595,8.333333333333334
89626.88771315542,43188.130400317394,0.0,0.0,0.0,-0.07385668109901548,0.9972688657814593,8.333333333333334
89627.38225834609,43188.056745348804,0.0,0.0,0.0,-0.07385668109901548,0.9972688657814593,8.333333333333334
89627.87680353674,43187.983090380214,0.0,0.0,0.0,-0.07385668109901548,0.9972688657814593,8.333333333333334
89628.37134872739,43187.909435411624,0.0,0.0,0.0,-0.07385668109901548,0.9972688657814593,8.333333333333334
89628.86589391805,43187.83578044303,0.0,0.0,0.0,-0.07385668109901548,0.9972688657814593,8.333333333333334
89629.36043910871,43187.76212547444,0.0,0.0,0.0,-0.07385668109901548,0.9972688657814593,8.333333333333334
89629.83128137814,43187.620262039585,0.0,0.0,0.0,-0.2575909540408127,0.9662540558240074,8.333333333333334
89630.26492827853,43187.371363735496,0.0,0.0,0.0,-0.2575909540408127,0.9662540558240074,8.333333333333334
89630.69857517893,43187.122465431414,0.0,0.0,0.0,-0.2575909540408127,0.9662540558240074,8.333333333333334
89631.13222207932,43186.873567127324,0.0,0.0,0.0,-0.2575909540408127,0.9662540558240074,8.333333333333334
89631.56586897973,43186.62466882324,0.0,0.0,0.0,-0.2575909540408127,0.9662540558240074,8.333333333333334
89631.99951588012,43186.37577051915,0.0,0.0,0.0,-0.2575909540408127,0.9662540558240074,8.333333333333334
89632.41354572454,43186.096482127694,0.0,0.0,0.0,-0.30761263760673174,0.9515116736985572,8.333333333333334
89632.81892018973,43185.80378511203,0.0,0.0,0.0,-0.30761263760673174,0.9515116736985572,8.333333333333334
89633.22429465491,43185.51108809638,0.0,0.0,0.0,-0.30761263760673174,0.9515116736985572,8.333333333333334
89633.6296691201,43185.218391080714,0.0,0.0,0.0,-0.30761263760673174,0.9515116736985572,8.333333333333334
89634.03504358529,43184.92569406505,0.0,0.0,0.0,-0.30761263760673174,0.9515116736985572,8.333333333333334
89634.44041805046,43184.6329970494,0.0,0.0,0.0,-0.30761263760673174,0.9515116736985572,8.333333333333334
89634.85244709032,43184.34998665307,0.0,0.0,0.0,-0.28523867458020946,0.9584565188487819,8.333333333333334
89635.27108598885,43184.07659778599,0.0,0.0,0.0,-0.28523867458020946,0.9584565188487819,8.333333333333334
89635.68972488737,43183.803208918915,0.0,0.0,0.0,-0.28523867458020946,0.9584565188487819,8.333333333333334
89636.1083637859,43183.52982005183,0.0,0.0,0.0,-0.28523867458020946,0.9584565188487819,8.333333333333334
89636.52700268442,43183.25643118475,0.0,0.0,0.0,-0.28523867458020946,0.9584565188487819,8.333333333333334
89636.94564158295,43182.983042317675,0.0,0.0,0.0,-0.28523867458020946,0.9584565188487819,8.333333333333334
89637.38334741684,43182.748816135856,0.0,0.0,0.0,-0.16309707481772462,0.9866100263963982,8.333333333333334
89637.85674676103,43182.58790292656,0.0,0.0,0.0,-0.16309707481772462,0.9866100263963982,8.333333333333334
89638.3301461052,43182.42698971727,0.0,0.0,0.0,-0.16309707481772462,0.9866100263963982,8.333333333333334
89638.8035454494,43182.26607650798,0.0,0.0,0.0,-0.16309707481772462,0.9866100263963982,8.333333333333334
89639.27694479359,43182.10516329869,0.0,0.0,0.0,-0.16309707481772462,0.9866100263963982,8.333333333333334
89639.75034413776,43181.9442500894,0.0,0.0,0.0,-0.16309707481772462,0.9866100263963982,8.333333333333334
89640.23725788572,43181.86019077853,0.0,0.0,0.0,-0.010236687938377616,0.9999476037373419,8.333333333333334
89640.73715309594,43181.84995462695,0.0,0.0,0.0,-0.010236687938377616,0.9999476037373419,8.333333333333334
89641.23704830617,43181.83971847538,0.0,0.0,0.0,-0.010236687938377616,0.9999476037373419,8.333333333333334
89641.73694351639,43181.8294823238,0.0,0.0,0.0,-0.010236687938377616,0.9999476037373419,8.333333333333334
89642.2368387266,43181.81924617223,0.0,0.0,0.0,-0.010236687938377616,0.9999476037373419,8.333333333333334
89642.73673393682,43181.809010020654,0.0,0.0,0.0,-0.010236687938377616,0.9999476037373419,8.333333333333334
89643.23086013024,43181.86813063669,0.0,0.0,0.0,0.09308971293312407,0.9956577249969131,8.333333333333334
89643.72219443558,43181.96081612849,0.0,0.0,0.0,0.09308971293312407,0.9956577249969131,8.333333333333334
89644.21352874093,43182.05350162029,0.0,0.0,0.0,0.09308971293312407,0.9956577249969131,8.333333333333334
89644.70486304628,43182.14618711209,0.0,0.0,0.0,0.09308971293312407,0.9956577249969131,8.333333333333334
89645.19619735163,43182.23887260389,0.0,0.0,0.0,0.09308971293312407,0.9956577249969131,8.333333333333334
89645.68753165698,43182.33155809569,0.0,0.0,0.0,0.09308971293312407,0.9956577249969131,8.333333333333334
89646.16321733118,43182.48029431669,0.0,0.0,0.0,0.17807506128305492,0.9840169066378058,8.333333333333334
89646.63150660374,43182.65552318764,0.0,0.0,0.0,0.17807506128305492,0.9840169066378058,8.333333333333334
89647.09979587629,43182.830752058595,0.0,0.0,0.0,0.17807506128305492,0.9840169066378058,8.333333333333334
89647.56808514883,43183.00598092955,0.0,0.0,0.0,0.17807506128305492,0.9840169066378058,8.333333333333334
89648.03637442138,43183.1812098005,0.0,0.0,0.0,0.17807506128305492,0.9840169066378058,8.333333333333334
89648.50466369394,43183.35643867145,0.0,0.0,0.0,0.17807506128305492,0.9840169066378058,8.333333333333334
89648.95412341022,43183.57354610051,0.0,0.0,0.0,0.2411108788165292,0.9704975755334585,8.333333333333334
89649.39598895433,43183.807543623836,0.0,0.0,0.0,0.2411108788165292,0.9704975755334585,8.333333333333334
89649.83785449844,43184.04154114716,0.0,0.0,0.0,0.2411108788165292,0.9704975755334585,8.333333333333334
89650.27972004257,43184.27553867049,0.0,0.0,0.0,0.2411108788165292,0.9704975755334585,8.333333333333334
89650.72158558668,43184.509536193815,0.0,0.0,0.0,0.2411108788165292,0.9704975755334585,8.333333333333334
89651.1634511308,43184.74353371714,0.0,0.0,0.0,0.2411108788165292,0.9704975755334585,8.333333333333334
89651.60781837413,43184.972722105354,0.0,0.0,0.0,0.2339750928861401,0.9722425910794703,8.333333333333334
89652.05307403003,43185.20020265591,0.0,0.0,0.0,0.2339750928861401,0.9722425910794703,8.333333333333334
89652.49832968594,43185.427683206464,0.0,0.0,0.0,0.2339750928861401,0.9722425910794703,8.333333333333334
89652.94358534185,43185.65516375702,0.0,0.0,0.0,0.2339750928861401,0.9722425910794703,8.333333333333334
89653.38884099777,43185.882644307574,0.0,0.0,0.0,0.2339750928861401,0.9722425910794703,8.333333333333334
89653.83409665368,43186.11012485813,0.0,0.0,0.0,0.2339750928861401,0.9722425910794703,8.333333333333334
89654.29071149373,43186.31315925536,0.0,0.0,0.0,0.19750779225370946,0.9803013169424315,8.333333333333334
89654.75170216573,43186.50677640422,0.0,0.0,0.0,0.19750779225370946,0.9803013169424315,8.333333333333334
89655.21269283773,43186.70039355307,0.0,0.0,0.0,0.19750779225370946,0.9803013169424315,8.333333333333334
89655.67368350973,43186.89401070192,0.0,0.0,0.0,0.19750779225370946,0.9803013169424315,8.333333333333334
89656.13467418173,43187.08762785077,0.0,0.0,0.0,0.19750779225370946,0.9803013169424315,8.333333333333334
89656.59566485372,43187.28124499963,0.0,0.0,0.0,0.19750779225370946,0.9803013169424315,8.333333333333334
89657.08466261401,43187.36751326416,0.0,0.0,0.0,0.05636396520517176,0.9984102881212463,8.333333333333334
89657.58148571744,43187.423787626896,0.0,0.0,0.0,0.05636396520517176,0.9984102881212463,8.333333333333334
89658.07830882087,43187.480061989634,0.0,0.0,0.0,0.05636396520517176,0.9984102881212463,8.333333333333334
89658.5751319243,43187.53633635238,0.0,0.0,0.0,0.05636396520517176,0.9984102881212463,8.333333333333334
89659.07195502771,43187.59261071512,0.0,0.0,0.0,0.05636396520517176,0.9984102881212463,8.333333333333334
89659.56877813114,43187.648885077855,0.0,0.0,0.0,0.05636396520517176,0.9984102881212463,8.333333333333334
89660.04948262285,43187.52573242804,0.0,0.0,0.0,-0.1454691660696094,0.989362785697447,8.333333333333334
89660.52832134458,43187.381810648665,0.0,0.0,0.0,-0.1454691660696094,0.989362785697447,8.333333333333334
89661.0071600663,43187.237888869284,0.0,0.0,0.0,-0.1454691660696094,0.989362785697447,8.333333333333334
89661.48599878802,43187.09396708991,0.0,0.0,0.0,-0.1454691660696094,0.989362785697447,8.333333333333334
89661.96483750975,43186.950045310536,0.0,0.0,0.0,-0.1454691660696094,0.989362785697447,8.333333333333334
89662.44367623147,43186.80612353116,0.0,0.0,0.0,-0.1454691660696094,0.989362785697447,8.333333333333334
89662.77212255758,43186.43380713253,0.0,0.0,0.0,-0.42261034851357465,0.906311476993001,8.333333333333334
89663.0935230509,43186.050790523375,0.0,0.0,0.0,-0.42261034851357465,0.906311476993001,8.333333333333334
89663.41492354423,43185.667773914225,0.0,0.0,0.0,-0.42261034851357465,0.906311476993001,8.333333333333334
89663.73632403757,43185.28475730507,0.0,0.0,0.0,-0.42261034851357465,0.906311476993001,8.333333333333334
89663.926872006,43184.83476489593,0.0,0.0,0.0,-0.6142195472422678,0.789135189803055,8.333333333333334
89664.04960635379,43184.35006263694,0.0,0.0,0.0,-0.6142195472422678,0.789135189803055,8.333333333333334
89664.17234070157,43183.865360377946,0.0,0.0,0.0,-0.6142195472422678,0.789135189803055,8.333333333333334
89664.29507504936,43183.38065811895,0.0,0.0,0.0,-0.6142195472422678,0.789135189803055,8.333333333333334
89664.41780939714,43182.89595585996,0.0,0.0,0.0,-0.6142195472422678,0.789135189803055,8.333333333333334
89664.54054374492,43182.41125360096,0.0,0.0,0.0,-0.6142195472422678,0.789135189803055,8.333333333333334
89664.6320314871,43181.92337676551,0.0,0.0,0.0,-0.7230101371919843,0.6908374204670937,8.333333333333334
89664.60928782861,43181.423894307365,0.0,0.0,0.0,-0.7230101371919843,0.6908374204670937,8.333333333333334
89664.58654417013,43180.92441184921,0.0,0.0,0.0,-0.7230101371919843,0.6908374204670937,8.333333333333334
89664.56380051165,43180.42492939106,0.0,0.0,0.0,-0.7230101371919843,0.6908374204670937,8.333333333333334
89664.54105685317,43179.92544693292,0.0,0.0,0.0,-0.7230101371919843,0.6908374204670937,8.333333333333334
89664.51831319468,43179.425964474765,0.0,0.0,0.0,-0.7230101371919843,0.6908374204670937,8.333333333333334
89664.30878016689,43178.9885396844,0.0,0.0,0.0,-0.8835584750190753,0.4683208528583435,8.333333333333334
89664.0281045881,43178.57475082583,0.0,0.0,0.0,-0.8835584750190753,0.4683208528583435,8.333333333333334
89663.74742900932,43178.16096196726,0.0,0.0,0.0,-0.8835584750190753,0.4683208528583435,8.333333333333334
89663.46675343055,43177.747173108684,0.0,0.0,0.0,-0.8835584750190753,0.4683208528583435,8.333333333333334
89663.18607785177,43177.333384250116,0.0,0.0,0.0,-0.8835584750190753,0.4683208528583435,8.333333333333334
89662.83603776243,43177.00418167403,0.0,0.0,0.0,-0.9801747389059943,0.19813500753417107,8.333333333333334
89662.37529524363,43176.80997474475,0.0,0.0,0.0,-0.9801747389059943,0.19813500753417107,8.333333333333334
89661.91455272485,43176.61576781547,0.0,0.0,0.0,-0.9801747389059943,0.19813500753417107,8.333333333333334
89661.45381020606,43176.42156088619,0.0,0.0,0.0,-0.9801747389059943,0.19813500753417107,8.333333333333334
89660.99306768728,43176.227353956914,0.0,0.0,0.0,-0.9801747389059943,0.19813500753417107,8.333333333333334
89660.53232516847,43176.033147027636,0.0,0.0,0.0,-0.9801747389059943,0.19813500753417107,8.333333333333334
89660.06484291905,43175.862864108596,0.0,0.0,0.0,-0.9971781210849405,0.07507193103622414,8.333333333333334
89659.57047871388,43175.78800402146,0.0,0.0,0.0,-0.9971781210849405,0.07507193103622414,8.333333333333334
89659.0761145087,43175.71314393432,0.0,0.0,0.0,-0.9971781210849405,0.07507193103622414,8.333333333333334
89658.58175030354,43175.63828384719,0.0,0.0,0.0,-0.9971781210849405,0.07507193103622414,8.333333333333334
89658.08738609837,43175.56342376005,0.0,0.0,0.0,-0.9971781210849405,0.07507193103622414,8.333333333333334
89657.59302189319,43175.488563672916,0.0,0.0,0.0,-0.9971781210849405,0.07507193103622414,8.333333333333334
89657.09862357835,43175.413930398005,0.0,0.0,0.0,-0.9972539196028841,0.07405821923787008,8.333333333333334
89656.60410819818,43175.34007554859,0.0,0.0,0.0,-0.9972539196028841,0.07405821923787008,8.333333333333334
89656.10959281801,43175.26622069917,0.0,0.0,0.0,-0.9972539196028841,0.07405821923787008,8.333333333333334
89655.61507743786,43175.19236584976,0.0,0.0,0.0,-0.9972539196028841,0.07405821923787008,8.333333333333334
89655.1205620577,43175.11851100035,0.0,0.0,0.0,-0.9972539196028841,0.07405821923787008,8.333333333333334
89654.62604667753,43175.04465615094,0.0,0.0,0.0,-0.9972539196028841,0.07405821923787008,8.333333333333334
89654.13023769557,43174.98265592949,0.0,0.0,0.0,-0.9994026571253026,0.034559064380922884,8.333333333333334
89653.6314320245,43174.94811750871,0.0,0.0,0.0,-0.9994026571253026,0.034559064380922884,8.333333333333334
89653.13262635344,43174.913579087945,0.0,0.0,0.0,-0.9994026571253026,0.034559064380922884,8.333333333333334
89652.63382068237,43174.879040667176,0.0,0.0,0.0,-0.9994026571253026,0.034559064380922884,8.333333333333334
89652.1350150113,43174.84450224641,0.0,0.0,0.0,-0.9994026571253026,0.034559064380922884,8.333333333333334
89651.63620934023,43174.80996382564,0.0,0.0,0.0,-0.9994026571253026,0.034559064380922884,8.333333333333334
89651.15404659303,43174.69982821564,0.0,0.0,0.0,-0.9834601309586625,0.1811247382738496,8.333333333333334
89650.68685276384,43174.52169925682,0.0,0.0,0.0,-0.9834601309586625,0.1811247382738496,8.333333333333334
89650.21965893466,43174.343570298,0.0,0.0,0.0,-0.9834601309586625,0.1811247382738496,8.333333333333334
89649.75246510547,43174.16544133917,0.0,0.0,0.0,-0.9834601309586625,0.1811247382738496,8.333333333333334
89649.28527127628,43173.987312380355,0.0,0.0,0.0,-0.9834601309586625,0.1811247382738496,8.333333333333334
89648.8180774471,43173.80918342153,0.0,0.0,0.0,-0.9834601309586625,0.1811247382738496,8.333333333333334
89648.35870392663,43173.617032420094,0.0,0.0,0.0,-0.9471330268893299,0.32084112793632924,8.333333333333334
89647.96164295601,43173.31315319144,0.0,0.0,0.0,-0.9471330268893299,0.32084112793632924,8.333333333333334
89647.56458198538,43173.00927396279,0.0,0.0,0.0,-0.9471330268893299,0.32084112793632924,8.333333333333334
89647.16752101475,43172.705394734134,0.0,0.0,0.0,-0.9471330268893299,0.32084112793632924,8.333333333333334
89646.77046004414,43172.40151550548,0.0,0.0,0.0,-0.9471330268893299,0.32084112793632924,8.333333333333334
89646.3733990735,43172.097636276834,0.0,0.0,0.0,-0.9471330268893299,0.32084112793632924,8.333333333333334
89646.04485953317,43171.74021984045,0.0,0.0,0.0,-0.8359515075847935,0.5488033135529622,8.333333333333334
89645.84604461012,43171.28144688312,0.0,0.0,0.0,-0.8359515075847935,0.5488033135529622,8.333333333333334
89645.64722968709,43170.82267392579,0.0,0.0,0.0,-0.8359515075847935,0.5488033135529622,8.333333333333334
89645.44841476406,43170.363900968456,0.0,0.0,0.0,-0.8359515075847935,0.5488033135529622,8.333333333333334
89645.24959984103,43169.90512801112,0.0,0.0,0.0,-0.8359515075847935,0.5488033135529622,8.333333333333334
89645.20254170384,43169.42858111181,0.0,0.0,0.0,-0.6423205122637059,0.7664361418443747,8.333333333333334
89645.28996606336,43168.93628345656,0.0,0.0,0.0,-0.6423205122637059,0.7664361418443747,8.333333333333334
89645.37739042289,43168.443985801314,0.0,0.0,0.0,-0.6423205122637059,0.7664361418443747,8.333333333333334
89645.4648147824,43167.951688146066,0.0,0.0,0.0,-0.6423205122637059,0.7664361418443747,8.333333333333334
89645.55223914194,43167.45939049082,0.0,0.0,0.0,-0.6423205122637059,0.7664361418443747,8.333333333333334
89645.63966350145,43166.96709283558,0.0,0.0,0.0,-0.6423205122637059,0.7664361418443747,8.333333333333334
89645.79031545432,43166.49981667536,0.0,0.0,0.0,-0.47630559460319444,0.8792798078823927,8.333333333333334
89646.06344843487,43166.081010783644,0.0,0.0,0.0,-0.47630559460319444,0.8792798078823927,8.333333333333334
89646.33658141542,43165.66220489192,0.0,0.0,0.0,-0.47630559460319444,0.8792798078823927,8.333333333333334
89646.60971439596,43165.24339900021,0.0,0.0,0.0,-0.47630559460319444,0.8792798078823927,8.333333333333334
89646.88284737652,43164.8245931085,0.0,0.0,0.0,-0.47630559460319444,0.8792798078823927,8.333333333333334
89647.15598035707,43164.405787216776,0.0,0.0,0.0,-0.47630559460319444,0.8792798078823927,8.333333333333334
89647.47456694863,43164.02225749953,0.0,0.0,0.0,-0.4026007258922369,0.9153756909111384,8.333333333333334
89647.81247960414,43163.6537265819,0.0,0.0,0.0,-0.4026007258922369,0.9153756909111384,8.333333333333334
89648.15039225965,43163.28519566428,0.0,0.0,0.0,-0.4026007258922369,0.9153756909111384,8.333333333333334
89648.48830491515,43162.91666474665,0.0,0.0,0.0,-0.4026007258922369,0.9153756909111384,8.333333333333334
89648.82621757066,43162.54813382903,0.0,0.0,0.0,-0.4026007258922369,0.9153756909111384,8.333333333333334
89649.21190474062,43162.24536941092,0.0,0.0,0.0,-0.21225915536109857,0.9772134111673831,8.333333333333334
89649.66685079159,43162.037946917655,0.0,0.0,0.0,-0.21225915536109857,0.9772134111673831,8.333333333333334
89650.12179684255,43161.8305244244,0.0,0.0,0.0,-0.21225915536109857,0.9772134111673831,8.333333333333334
89650.5767428935,43161.62310193113,0.0,0.0,0.0,-0.21225915536109857,0.9772134111673831,8.333333333333334
89651.03168894448,43161.41567943787,0.0,0.0,0.0,-0.21225915536109857,0.9772134111673831,8.333333333333334
89651.48663499544,43161.20825694461,0.0,0.0,0.0,-0.21225915536109857,0.9772134111673831,8.333333333333334
89651.94429122149,43161.007054778675,0.0,0.0,0.0,-0.19573755537508275,0.9806563156456937,8.333333333333334
89652.4059780309,43160.81510350879,0.0,0.0,0.0,-0.19573755537508275,0.9806563156456937,8.333333333333334
89652.86766484032,43160.6231522389,0.0,0.0,0.0,-0.19573755537508275,0.9806563156456937,8.333333333333334
89653.32935164974,43160.43120096901,0.0,0.0,0.0,-0.19573755537508275,0.9806563156456937,8.333333333333334
89653.79103845915,43160.23924969912,0.0,0.0,0.0,-0.19573755537508275,0.9806563156456937,8.333333333333334
89654.25272526857,43160.047298429236,0.0,0.0,0.0,-0.19573755537508275,0.9806563156456937,8.333333333333334
89654.73049149656,43159.91836685288,0.0,0.0,0.0,-0.05278493969535571,0.9986059033178993,8.333333333333334
89655.2277052467,43159.86565550049,0.0,0.0,0.0,-0.05278493969535571,0.9986059033178993,8.333333333333334
89655.72491899684,43159.81294414811,0.0,0.0,0.0,-0.05278493969535571,0.9986059033178993,8.333333333333334
89656.22213274699,43159.76023279572,0.0,0.0,0.0,-0.05278493969535571,0.9986059033178993,8.333333333333334
89656.71934649712,43159.707521443335,0.0,0.0,0.0,-0.05278493969535571,0.9986059033178993,8.333333333333334
89657.21656024727,43159.65481009095,0.0,0.0,0.0,-0.05278493969535571,0.9986059033178993,8.333333333333334
89657.70535742377,43159.69657728171,0.0,0.0,0.0,0.1411861230448185,0.9899830698853256,8.333333333333334
89658.18542390243,43159.83634915324,0.0,0.0,0.0,0.1411861230448185,0.9899830698853256,8.333333333333334
89658.66549038108,43159.97612102475,0.0,0.0,0.0,0.1411861230448185,0.9899830698853256,8.333333333333334
89659.14555685974,43160.11589289627,0.0,0.0,0.0,0.1411861230448185,0.9899830698853256,8.333333333333334
89659.6256233384,43160.255664767785,0.0,0.0,0.0,0.1411861230448185,0.9899830698853256,8.333333333333334
89660.10568981706,43160.3954366393,0.0,0.0,0.0,0.1411861230448185,0.9899830698853256,8.333333333333334
89660.53776648294,43160.622986393486,0.0,0.0,0.0,0.35102082374937327,0.9363676528449236,8.333333333333334
89660.91455086424,43160.951670938324,0.0,0.0,0.0,0.35102082374937327,0.9363676528449236,8.333333333333334
89661.29133524554,43161.280355483155,0.0,0.0,0.0,0.35102082374937327,0.9363676528449236,8.333333333333334
89661.66811962683,43161.609040027986,0.0,0.0,0.0,0.35102082374937327,0.9363676528449236,8.333333333333334
89662.04490400811,43161.937724572825,0.0,0.0,0.0,0.35102082374937327,0.9363676528449236,8.333333333333334
89662.42168838941,43162.266409117656,0.0,0.0,0.0,0.35102082374937327,0.9363676528449236,8.333333333333334
89662.64355417801,43162.71214329772,0.0,0.0,0.0,0.5354900752916257,0.8445415201540828,8.333333333333334
89662.85680455726,43163.16438689994,0.0,0.0,0.0,0.5354900752916257,0.8445415201540828,8.333333333333334
89663.07005493653,43163.61663050215,0.0,0.0,0.0,0.5354900752916257,0.8445415201540828,8.333333333333334
89663.2833053158,43164.06887410436,0.0,0.0,0.0,0.5354900752916257,0.8445415201540828,8.333333333333334
89663.49655569506,43164.52111770658,0.0,0.0,0.0,0.5354900752916257,0.8445415201540828,8.333333333333334
89663.70980607433,43164.973361308796,0.0,0.0,0.0,0.5354900752916257,0.8445415201540828,8.333333333333334
89663.94462480841,43165.41466714058,0.0,0.0,0.0,0.5110277742991312,0.8595641999844318,8.333333333333334
89664.18347542231,43165.85392832057,0.0,0.0,0.0,0.5110277742991312,0.8595641999844318,8.333333333333334
89664.4223260362,43166.29318950055,0.0,0.0,0.0,0.5110277742991312,0.8595641999844318,8.333333333333334
89664.6611766501,43166.73245068054,0.0,0.0,0.0,0.5110277742991312,0.8595641999844318,8.333333333333334
89664.900027264,43167.17171186052,0.0,0.0,0.0,0.5110277742991312,0.8595641999844318,8.333333333333334
89665.1388778779,43167.610973040515,0.0,0.0,0.0,0.5110277742991312,0.8595641999844318,8.333333333333334
89665.42615406663,43168.01740517511,0.0,0.0,0.0,0.4247248455299929,0.9053224870671907,8.333333333333334
89665.74576287222,43168.401918128584,0.0,0.0,0.0,0.4247248455299929,0.9053224870671907,8.333333333333334
89666.0653716778,43168.78643108206,0.0,0.0,0.0,0.4247248455299929,0.9053224870671907,8.333333333333334
89666.3849804834,43169.17094403553,0.0,0.0,0.0,0.4247248455299929,0.9053224870671907,8.333333333333334
89666.70458928899,43169.55545698901,0.0,0.0,0.0,0.4247248455299929,0.9053224870671907,8.333333333333334
89667.02419809457,43169.93996994248,0.0,0.0,0.0,0.4247248455299929,0.9053224870671907,8.333333333333334
89667.38816300537,43170.25231537587,0.0,0.0,0.0,0.11221051395473007,0.9936844572388236,8.333333333333334
89667.87557180593,43170.36381721952,0.0,0.0,0.0,0.11221051395473007,0.9936844572388236,8.333333333333334
89668.36298060649,43170.475319063175,0.0,0.0,0.0,0.11221051395473007,0.9936844572388236,8.333333333333334
89668.85038940705,43170.586820906836,0.0,0.0,0.0,0.11221051395473007,0.9936844572388236,8.333333333333334
89669.3377982076,43170.69832275049,0.0,0.0,0.0,0.11221051395473007,0.9936844572388236,8.333333333333334
89669.82520700815,43170.809824594144,0.0,0.0,0.0,0.11221051395473007,0.9936844572388236,8.333333333333334
89670.30792359737,43170.8825412992,0.0,0.0,0.0,-0.2307436264170336,0.9730145830705296,8.333333333333334
89670.75468097624,43170.658024385746,0.0,0.0,0.0,-0.2307436264170336,0.9730145830705296,8.333333333333334
89671.2014383551,43170.43350747229,0.0,0.0,0.0,-0.2307436264170336,0.9730145830705296,8.333333333333334
89671.64819573397,43170.20899055884,0.0,0.0,0.0,-0.2307436264170336,0.9730145830705296,8.333333333333334
89672.09495311284,43169.98447364538,0.0,0.0,0.0,-0.2307436264170336,0.9730145830705296,8.333333333333334
89672.54171049171,43169.759956731934,0.0,0.0,0.0,-0.2307436264170336,0.9730145830705296,8.333333333333334
89672.98846787057,43169.53543981848,0.0,0.0,0.0,-0.2307436264170336,0.9730145830705296,8.333333333333334
89673.40222194076,43169.25848546115,0.0,0.0,0.0,-0.323006029562265,0.9463969066234427,8.333333333333334
89673.79788904563,43168.95279355395,0.0,0.0,0.0,-0.323006029562265,0.9463969066234427,8.333333333333334
89674.19355615051,43168.647101646755,0.0,0.0,0.0,-0.323006029562265,0.9463969066234427,8.333333333333334
89674.58922325537,43168.34140973956,0.0,0.0,0.0,-0.323006029562265,0.9463969066234427,8.333333333333334
89674.98489036024,43168.035717832354,0.0,0.0,0.0,-0.323006029562265,0.9463969066234427,8.333333333333334
89675.3805574651,43167.73002592516,0.0,0.0,0.0,-0.323006029562265,0.9463969066234427,8.333333333333334
89675.72829680874,43167.3746380152,0.0,0.0,0.0,-0.42447616441697544,0.9054391121670484,8.333333333333334
89676.04811679457,43166.99030069375,0.0,0.0,0.0,-0.42447616441697544,0.9054391121670484,8.333333333333334
89676.36793678041,43166.60596337231,0.0,0.0,0.0,-0.42447616441697544,0.9054391121670484,8.333333333333334
89676.68775676626,43166.221626050865,0.0,0.0,0.0,-0.42447616441697544,0.9054391121670484,8.333333333333334
89677.0075767521,43165.83728872942,0.0,0.0,0.0,-0.42447616441697544,0.9054391121670484,8.333333333333334
89677.32739673795,43165.45295140797,0.0,0.0,0.0,-0.42447616441697544,0.9054391121670484,8.333333333333334
89677.59317005689,43165.031775911724,0.0,0.0,0.0,-0.5091040737697995,0.8607049680761664,8.333333333333334
89677.83398309896,43164.59358750616,0.0,0.0,0.0,-0.5091040737697995,0.8607049680761664,8.333333333333334
89678.07479614102,43164.1553991006,0.0,0.0,0.0,-0.5091040737697995,0.8607049680761664,8.333333333333334
89678.3156091831,43163.71721069504,0.0,0.0,0.0,-0.5091040737697995,0.8607049680761664,8.333333333333334
89678.55642222517,43163.27902228948,0.0,0.0,0.0,-0.5091040737697995,0.8607049680761664,8.333333333333334
89678.79723526724,43162.840833883914,0.0,0.0,0.0,-0.5091040737697995,0.8607049680761664,8.333333333333334
89678.96577866799,43162.37281338131,0.0,0.0,0.0,-0.6013346264321142,0.7989972885146418,8.333333333333334
89679.10417533503,43161.892348645306,0.0,0.0,0.0,-0.6013346264321142,0.7989972885146418,8.333333333333334
89679.24257200208,43161.41188390929,0.0,0.0,0.0,-0.6013346264321142,0.7989972885146418,8.333333333333334
89679.38096866914,43160.931419173285,0.0,0.0,0.0,-0.6013346264321142,0.7989972885146418,8.333333333333334
89679.5193653362,43160.45095443728,0.0,0.0,0.0,-0.6013346264321142,0.7989972885146418,8.333333333333334
89679.65776200325,43159.97048970126,0.0,0.0,0.0,-0.6013346264321142,0.7989972885146418,8.333333333333334
89679.69354358586,43159.47540239047,0.0,0.0,0.0,-0.7061737775748178,0.70803855535254,8.333333333333334
89679.69486218173,43158.97540412917,0.0,0.0,0.0,-0.7061737775748178,0.70803855535254,8.333333333333334
89679.6961807776,43158.475405867866,0.0,0.0,0.0,-0.7061737775748178,0.70803855535254,8.333333333333334
89679.69749937346,43157.975407606566,0.0,0.0,0.0,-0.7061737775748178,0.70803855535254,8.333333333333334
89679.69881796933,43157.475409345265,0.0,0.0,0.0,-0.7061737775748178,0.70803855535254,8.333333333333334
89679.7001365652,43156.975411083964,0.0,0.0,0.0,-0.7061737775748178,0.70803855535254,8.333333333333334
89679.57782328028,43156.49461522977,0.0,0.0,0.0,-0.8080324855597675,0.5891379314558723,8.333333333333334
89679.42490678256,43156.01857264268,0.0,0.0,0.0,-0.8080324855597675,0.5891379314558723,8.333333333333334
89679.27199028485,43155.54253005559,0.0,0.0,0.0,-0.8080324855597675,0.5891379314558723,8.333333333333334
89679.11907378712,43155.066487468495,0.0,0.0,0.0,-0.8080324855597675,0.5891379314558723,8.333333333333334
89678.9661572894,43154.5904448814,0.0,0.0,0.0,-0.8080324855597675,0.5891379314558723,8.333333333333334
89678.81324079169,43154.11440229431,0.0,0.0,0.0,-0.8080324855597675,0.5891379314558723,8.333333333333334
89678.54272952116,43153.69620846455,0.0,0.0,0.0,-0.8853121205988576,0.46499725711100043,8.333333333333334
89678.25895197029,43153.28454075679,0.0,0.0,0.0,-0.8853121205988576,0.46499725711100043,8.333333333333334
89677.9751744194,43152.87287304902,0.0,0.0,0.0,-0.8853121205988576,0.46499725711100043,8.333333333333334
89677.69139686853,43152.46120534126,0.0,0.0,0.0,-0.8853121205988576,0.46499725711100043,8.333333333333334
89677.40761931764,43152.04953763349,0.0,0.0,0.0,-0.8853121205988576,0.46499725711100043,8.333333333333334
89677.12384176676,43151.637869925726,0.0,0.0,0.0,-0.8853121205988576,0.46499725711100043,8.333333333333334
89676.7447905793,43151.31327641378,0.0,0.0,0.0,-0.9404983717076164,0.33979819424964897,8.333333333333334
89676.36025339211,43150.99369676538,0.0,0.0,0.0,-0.9404983717076164,0.33979819424964897,8.333333333333334
89675.97571620492,43150.67411711697,0.0,0.0,0.0,-0.9404983717076164,0.33979819424964897,8.333333333333334
89675.59117901775,43150.35453746857,0.0,0.0,0.0,-0.9404983717076164,0.33979819424964897,8.333333333333334
89675.20664183056,43150.03495782017,0.0,0.0,0.0,-0.9404983717076164,0.33979819424964897,8.333333333333334
89674.82210464338,43149.71537817177,0.0,0.0,0.0,-0.9404983717076164,0.33979819424964897,8.333333333333334
89674.37678620844,43149.48946942594,0.0,0.0,0.0,-0.9739198258370323,0.22689242570338192,8.333333333333334
89673.92826638128,43149.268494394215,0.0,0.0,0.0,-0.9739198258370323,0.22689242570338192,8.333333333333334
89673.47974655412,43149.047519362495,0.0,0.0,0.0,-0.9739198258370323,0.22689242570338192,8.333333333333334
89673.03122672696,43148.82654433077,0.0,0.0,0.0,-0.9739198258370323,0.22689242570338192,8.333333333333334
89672.5827068998,43148.60556929904,0.0,0.0,0.0,-0.9739198258370323,0.22689242570338192,8.333333333333334
89672.13418707265,43148.38459426732,0.0,0.0,0.0,-0.9739198258370323,0.22689242570338192,8.333333333333334
89671.65646432093,43148.237572029495,0.0,0.0,0.0,-0.9891849951871773,0.14667326033242728,8.333333333333334
89671.17797736623,43148.092485041176,0.0,0.0,0.0,-0.9891849951871773,0.14667326033242728,8.333333333333334
89670.69949041151,43147.94739805286,0.0,0.0,0.0,-0.9891849951871773,0.14667326033242728,8.333333333333334
89670.22100345681,43147.802311064544,0.0,0.0,0.0,-0.9891849951871773,0.14667326033242728,8.333333333333334
89669.74251650211,43147.657224076225,0.0,0.0,0.0,-0.9891849951871773,0.14667326033242728,8.333333333333334
89669.26186553395,43147.521710639114,0.0,0.0,0.0,-0.9971812764698786,0.07503000638346888,8.333333333333334
89668.7674950358,43147.446892121574,0.0,0.0,0.0,-0.9971812764698786,0.07503000638346888,8.333333333333334
89668.27312453766,43147.372073604034,0.0,0.0,0.0,-0.9971812764698786,0.07503000638346888,8.333333333333334
89667.77875403952,43147.297255086494,0.0,0.0,0.0,-0.9971812764698786,0.07503000638346888,8.333333333333334
89667.28438354138,43147.222436568954,0.0,0.0,0.0,-0.9971812764698786,0.07503000638346888,8.333333333333334
89666.79001304324,43147.147618051415,0.0,0.0,0.0,-0.9971812764698786,0.07503000638346888,8.333333333333334
89666.29591589827,43147.07113699735,0.0,0.0,0.0,-0.9961427292799749,0.08774772306243922,8.333333333333334
89665.80361556116,43146.98372774101,0.0,0.0,0.0,-0.9961427292799749,0.08774772306243922,8.333333333333334
89665.31131522407,43146.89631848467,0.0,0.0,0.0,-0.9961427292799749,0.08774772306243922,8.333333333333334
89664.81901488698,43146.80890922833,0.0,0.0,0.0,-0.9961427292799749,0.08774772306243922,8.333333333333334
89664.32671454988,43146.721499971994,0.0,0.0,0.0,-0.9961427292799749,0.08774772306243922,8.333333333333334
89663.83441421278,43146.634090715655,0.0,0.0,0.0,-0.9961427292799749,0.08774772306243922,8.333333333333334
89663.34211387568,43146.54668145931,0.0,0.0,0.0,-0.9961427292799749,0.08774772306243922,8.333333333333334
89662.84988907081,43146.458847879425,0.0,0.0,0.0,-0.9961040565947387,0.08818564755959844,8.333333333333334
89662.35766577926,43146.37100579816,0.0,0.0,0.0,-0.9961040565947387,0.08818564755959844,8.333333333333334
89661.86544248769,43146.28316371689,0.0,0.0,0.0,-0.9961040565947387,0.08818564755959844,8.333333333333334
89661.37321919613,43146.19532163563,0.0,0.0,0.0,-0.9961040565947387,0.08818564755959844,8.333333333333334
89660.88099590456,43146.10747955435,0.0,0.0,0.0,-0.9961040565947387,0.08818564755959844,8.333333333333334
89660.38877261299,43146.01963747309,0.0,0.0,0.0,-0.9961040565947387,0.08818564755959844,8.333333333333334
89660.00670673023,43145.726354550476,0.0,0.0,0.0,-0.9195406588245078,0.39299488135164085,8.333333333333334
89659.661151707,43145.36497977836,0.0,0.0,0.0,-0.9195406588245078,0.39299488135164085,8.333333333333334
89659.31559668377,43145.00360500625,0.0,0.0,0.0,-0.9195406588245078,0.39299488135164085,8.333333333333334
89658.97004166053,43144.64223023414,0.0,0.0,0.0,-0.9195406588245078,0.39299488135164085,8.333333333333334
89658.6244866373,43144.28085546202,0.0,0.0,0.0,-0.9195406588245078,0.39299488135164085,8.333333333333334
89658.27893161407,43143.91948068991,0.0,0.0,0.0,-0.9195406588245078,0.39299488135164085,8.333333333333334
89658.07219583927,43143.46956822406,0.0,0.0,0.0,-0.8258065686174717,0.5639534654811841,8.333333333333334
89657.8902393505,43143.003851747875,0.0,0.0,0.0,-0.8258065686174717,0.5639534654811841,8.333333333333334
89657.70828286173,43142.53813527169,0.0,0.0,0.0,-0.8258065686174717,0.5639534654811841,8.333333333333334
89657.52632637296,43142.0724187955,0.0,0.0,0.0,-0.8258065686174717,0.5639534654811841,8.333333333333334
89657.34436988419,43141.60670231931,0.0,0.0,0.0,-0.8258065686174717,0.5639534654811841,8.333333333333334
89657.16241339542,43141.140985843114,0.0,0.0,0.0,-0.8258065686174717,0.5639534654811841,8.333333333333334
89656.99545693317,43140.670299422374,0.0,0.0,0.0,-0.7950627518188138,0.6065271804876474,8.333333333333334
89656.86333215385,43140.18807225321,0.0,0.0,0.0,-0.7950627518188138,0.6065271804876474,8.333333333333334
89656.73120737451,43139.705845084034,0.0,0.0,0.0,-0.7950627518188138,0.6065271804876474,8.333333333333334
89656.59908259519,43139.22361791486,0.0,0.0,0.0,-0.7950627518188138,0.6065271804876474,8.333333333333334
89656.46695781585,43138.741390745694,0.0,0.0,0.0,-0.7950627518188138,0.6065271804876474,8.333333333333334
89656.33483303653,43138.25916357652,0.0,0.0,0.0,-0.7950627518188138,0.6065271804876474,8.333333333333334
89656.23287808825,43137.77223454887,0.0,0.0,0.0,-0.7217227685043043,0.6921822342580619,8.333333333333334
89656.21199433367,43137.27267087046,0.0,0.0,0.0,-0.7217227685043043,0.6921822342580619,8.333333333333334
89656.1911105791,43136.773107192035,0.0,0.0,0.0,-0.7217227685043043,0.6921822342580619,8.333333333333334
89656.17022682453,43136.27354351362,0.0,0.0,0.0,-0.7217227685043043,0.6921822342580619,8.333333333333334
89656.14934306995,43135.7739798352,0.0,0.0,0.0,-0.7217227685043043,0.6921822342580619,8.333333333333334
89656.12845931537,43135.27441615678,0.0,0.0,0.0,-0.7217227685043043,0.6921822342580619,8.333333333333334
89656.10757556079,43134.77485247836,0.0,0.0,0.0,-0.7217227685043043,0.6921822342580619,8.333333333333334
89656.14852106487,43134.277409616116,0.0,0.0,0.0,-0.6670340049818302,0.7450272721168667,8.333333333333334
89656.20358670106,43133.78045109097,0.0,0.0,0.0,-0.6670340049818302,0.7450272721168667,8.333333333333334
89656.25865233726,43133.28349256583,0.0,0.0,0.0,-0.6670340049818302,0.7450272721168667,8.333333333333334
89656.31371797346,43132.78653404069,0.0,0.0,0.0,-0.6670340049818302,0.7450272721168667,8.333333333333334
89656.36878360965,43132.28957551555,0.0,0.0,0.0,-0.6670340049818302,0.7450272721168667,8.333333333333334
89656.3872618147,43131.79114420671,0.0,0.0,0.0,-0.7175954589268114,0.6964601620535226,8.333333333333334
89656.37231857203,43131.2913675571,0.0,0.0,0.0,-0.7175954589268114,0.6964601620535226,8.333333333333334
89656.35737532936,43130.79159090749,0.0,0.0,0.0,-0.7175954589268114,0.6964601620535226,8.333333333333334
89656.34243208669,43130.29181425788,0.0,0.0,0.0,-0.7175954589268114,0.6964601620535226,8.333333333333334
89656.327488844,43129.79203760826,0.0,0.0,0.0,-0.7175954589268114,0.6964601620535226,8.333333333333334
89656.31254560134,43129.29226095865,0.0,0.0,0.0,-0.7175954589268114,0.6964601620535226,8.333333333333334
89656.2213293758,43128.8009573946,0.0,0.0,0.0,-0.7714316591200658,0.6363121838431687,8.333333333333334
89656.1262225711,43128.3100860309,0.0,0.0,0.0,-0.7714316591200658,0.6363121838431687,8.333333333333334
89656.03111576641,43127.8192146672,0.0,0.0,0.0,-0.7714316591200658,0.6363121838431687,8.333333333333334
89655.93600896171,43127.328343303496,0.0,0.0,0.0,-0.7714316591200658,0.6363121838431687,8.333333333333334
89655.84090215703,43126.8374719398,0.0,0.0,0.0,-0.7714316591200658,0.6363121838431687,8.333333333333334
89655.74579535233,43126.3466005761,0.0,0.0,0.0,-0.7714316591200658,0.6363121838431687,8.333333333333334
89655.65068854764,43125.855729212395,0.0,0.0,0.0,-0.7714316591200658,0.6363121838431687,8.333333333333334
89655.54203516289,43125.370465970525,0.0,0.0,0.0,-0.8829995660205537,0.46937380242991167,8.333333333333334
89655.26234692929,43124.956009106674,0.0,0.0,0.0,-0.8829995660205537,0.46937380242991167,8.333333333333334
89654.98265869569,43124.54155224283,0.0,0.0,0.0,-0.8829995660205537,0.46937380242991167,8.333333333333334
89654.7029704621,43124.12709537898,0.0,0.0,0.0,-0.8829995660205537,0.46937380242991167,8.333333333333334
89654.42328222851,43123.712638515135,0.0,0.0,0.0,-0.8829995660205537,0.46937380242991167,8.333333333333334
89654.13104391118,43123.31059111617,0.0,0.0,0.0,-0.9546094490859497,0.29786036949520417,8.333333333333334
89653.7197647109,43123.026250792944,0.0,0.0,0.0,-0.9546094490859497,0.29786036949520417,8.333333333333334
89653.30848551061,43122.74191046972,0.0,0.0,0.0,-0.9546094490859497,0.29786036949520417,8.333333333333334
89652.89720631033,43122.457570146486,0.0,0.0,0.0,-0.9546094490859497,0.29786036949520417,8.333333333333334
89652.48592711004,43122.17322982326,0.0,0.0,0.0,-0.9546094490859497,0.29786036949520417,8.333333333333334
89652.07464790976,43121.88888950003,0.0,0.0,0.0,-0.9546094490859497,0.29786036949520417,8.333333333333334
89651.63919799584,43121.6693922196,0.0,0.0,0.0,-0.9985232683338354,0.054325708425343025,8.333333333333334
89651.14214927844,43121.61514673567,0.0,0.0,0.0,-0.9985232683338354,0.054325708425343025,8.333333333333334
89650.64510056103,43121.56090125174,0.0,0.0,0.0,-0.9985232683338354,0.054325708425343025,8.333333333333334
89650.14805184363,43121.50665576781,0.0,0.0,0.0,-0.9985232683338354,0.054325708425343025,8.333333333333334
89649.65100312623,43121.45241028388,0.0,0.0,0.0,-0.9985232683338354,0.054325708425343025,8.333333333333334
89649.15395440882,43121.398164799946,0.0,0.0,0.0,-0.9985232683338354,0.054325708425343025,8.333333333333334
89648.65665032946,43121.349242167795,0.0,0.0,0.0,0.9999794267115556,0.00641452676576532,8.333333333333334
89648.15669147563,43121.35565656259,0.0,0.0,0.0,0.9999794267115556,0.00641452676576532,8.333333333333334
89647.65673262178,43121.362070957395,0.0,0.0,0.0,0.9999794267115556,0.00641452676576532,8.333333333333334
89647.15677376793,43121.36848535219,0.0,0.0,0.0,0.9999794267115556,0.00641452676576532,8.333333333333334
89646.65681491408,43121.37489974699,0.0,0.0,0.0,0.9999794267115556,0.00641452676576532,8.333333333333334
89646.15685606023,43121.381314141785,0.0,0.0,0.0,0.9999794267115556,0.00641452676576532,8.333333333333334
89645.65689720638,43121.38772853658,0.0,0.0,0.0,0.9999794267115556,0.00641452676576532,8.333333333333334
89645.15790173455,43121.40824319017,0.0,0.0,0.0,0.9980907948491221,0.06176378580890001,8.333333333333334
89644.66171649979,43121.46988905624,0.0,0.0,0.0,0.9980907948491221,0.06176378580890001,8.333333333333334
89644.16553126503,43121.53153492231,0.0,0.0,0.0,0.9980907948491221,0.06176378580890001,8.333333333333334
89643.66934603026,43121.59318078838,0.0,0.0,0.0,0.9980907948491221,0.06176378580890001,8.333333333333334
89643.1731607955,43121.654826654456,0.0,0.0,0.0,0.9980907948491221,0.06176378580890001,8.333333333333334
89642.67697556074,43121.71647252052,0.0,0.0,0.0,0.9980907948491221,0.06176378580890001,8.333333333333334
89642.18079032598,43121.778118386595,0.0,0.0,0.0,0.9980907948491221,0.06176378580890001,8.333333333333334
89641.68460509121,43121.83976425267,0.0,0.0,0.0,0.9980907948491221,0.06176378580890001,8.333333333333334
89641.18841985645,43121.901410118735,0.0,0.0,0.0,0.9980907948491221,0.06176378580890001,8.333333333333334
89640.69223462169,43121.96305598481,0.0,0.0,0.0,0.9980907948491221,0.06176378580890001,8.333333333333334
89640.19604938693,43122.02470185088,0.0,0.0,0.0,0.9980907948491221,0.06176378580890001,8.333333333333334
89639.69986415216,43122.08634771695,0.0,0.0,0.0,0.9980907948491221,0.06176378580890001,8.333333333333334
89639.2036789174,43122.14799358302,0.0,0.0,0.0,0.9980907948491221,0.06176378580890001,8.333333333333334
89638.70749368264,43122.209639449095,0.0,0.0,0.0,0.9980907948491221,0.06176378580890001,8.333333333333334
89638.68207722215,43122.21279718054,0.0,0.0,0.0,0.9980907948491221,0.06176378580890001,8.333333333333334
