s_m,d_min_m,d_max_m
0.0000000,-1.6807002,4.6387022
0.8842035,-1.7525241,4.7977952
1.7903462,-1.8007572,4.8721502
2.7111893,-1.9652324,4.8795111
3.6386193,-2.0860619,4.7222340
4.5783250,-2.1325009,5.5537150
5.5523588,-2.0163007,5.4639694
6.5701555,-1.8247996,5.4040747
7.6116945,-1.7615643,5.3862878
8.6521762,-1.7055005,5.4151580
9.6858928,-1.7217161,5.6092588
10.7193051,-1.7697300,5.5754179
11.7604614,-1.9413295,5.3048983
12.8216088,-2.1429850,5.1758378
13.9132842,-2.2089144,5.1321797
15.0223483,-2.2144258,5.1537643
16.1131221,-2.1276323,5.2159391
17.1613611,-2.0368256,5.2148808
18.1673204,-1.9422185,5.1958573
19.1397673,-1.8277377,5.2525701
20.0835385,-1.6781524,5.5622482
21.0028239,-1.6153910,5.6868997
21.9076650,-1.4512594,5.7183394
22.7778819,-1.4051469,6.1599150
23.6380192,-1.4316323,6.0701681
24.4858535,-1.4355324,5.7957346
25.3211442,-1.5624392,5.5990238
26.1454220,-1.7419562,5.3971537
26.9615716,-1.9179407,5.1885324
27.7729264,-2.0969992,4.9763071
28.5821883,-2.2827869,4.7634833
29.3908583,-2.4628373,4.5665026
30.2257085,-2.6805009,4.3655537
31.0748776,-2.8847312,4.1787729
31.9385193,-3.0788324,4.0089204
32.8166683,-3.2534111,3.8834761
33.7093058,-3.4348388,3.7671962
34.6161762,-3.5837582,3.6739961
35.5365269,-3.6976262,3.6041297
36.4689773,-3.7750052,3.5836113
37.4116031,-3.8287574,3.5827683
38.3621919,-3.8648760,3.5980247
39.3185541,-3.8824216,3.6249865
40.2787765,-3.8920146,3.6581961
41.2413595,-3.8968450,3.6817079
42.2052294,-3.8991084,3.5994426
43.1696505,-3.8947643,3.4990258
44.1310021,-3.9143782,3.3824699
45.0963085,-4.0162438,3.2445433
46.0589916,-4.0981142,3.1243163
47.0173724,-4.2006455,3.0282146
47.9720150,-4.2684964,2.9536792
48.9251605,-4.3180844,2.9616058
49.8797991,-4.3763164,2.9695689
50.8396176,-4.4780027,2.9151051
51.8066023,-4.5787882,2.8210242
52.7797388,-4.6989701,2.7130555
53.7578331,-4.8216025,2.6148227
54.7418165,-4.9428835,2.4890472
55.7340306,-5.0236701,2.3508591
56.7362123,-5.0276103,2.2452709
57.7477655,-4.9950133,2.2338787
58.7650281,-4.9298901,2.2696612
59.7823127,-4.7727541,2.3529950
60.7949881,-4.5059172,2.4865659
61.8027289,-4.1474940,2.6787820
62.8092165,-3.7587251,2.9470155
63.8171707,-2.7577174,2.6838157
64.9436054,-2.2844824,3.2227112
65.9481044,-2.2452153,4.3008403
66.8526186,-2.1109421,4.9238147
67.7184302,-1.8147161,4.7501327
68.6023881,-1.7391346,5.2733149
69.5268886,-1.4502243,5.8665541
70.4859898,-1.4443235,6.2225677
71.4636657,-1.6390133,6.0330142
72.4469700,-1.7150712,5.8366885
73.4216678,-2.0393016,5.6672503
74.3884741,-2.4957694,4.6426364
75.3582412,-2.6948253,3.9021108
76.3399434,-3.0047645,3.5897330
77.3325202,-3.5437593,3.3203492
78.3395642,-3.8657385,2.9538192
79.3559064,-4.7938709,2.7886498
80.5509272,-4.9996050,2.6410741
81.7160930,-5.1931616,2.5157125
82.8243305,-5.3356598,2.3745806
83.8554259,-5.4053189,2.2789934
84.8004878,-5.3878175,2.2311848
85.6639803,-5.3071358,2.2265058
86.4612658,-5.1779739,2.2561162
87.2585556,-5.0311062,2.3863013
88.0656461,-4.8682189,2.5208939
88.8915386,-4.6817363,2.6677611
89.7435076,-4.4738980,2.8299095
90.6260556,-4.2876264,2.9551247
91.5400220,-4.0754899,3.1006549
92.4823301,-3.8627195,3.2489358
93.4467624,-3.6430182,3.4020125
94.4256953,-3.4485821,3.5366411
95.4121381,-3.2914504,3.6848396
96.4011954,-3.1599938,3.7959361
97.3904087,-3.0255498,3.8526961
98.3791176,-2.9145538,3.8715266
99.3674723,-2.8193631,3.8643405
100.3557141,-2.7175742,3.8742915
101.3709274,-2.6942579,3.9584916
102.3825038,-2.6551480,4.0190487
103.5371153,-2.5727344,4.1154786
104.7340018,-2.5018772,4.1845631
105.9528231,-2.4767434,4.0654836
107.1372282,-2.5403674,3.7271639
108.2619502,-2.7392741,3.3624022
109.3278087,-2.8329148,3.1855472
110.3300644,-2.8037326,2.8876892
111.2702579,-2.9871896,2.4347259
112.1563955,-4.6584206,2.3830564
112.9795778,-5.0054978,2.3799736
113.7368105,-5.1776886,2.3469427
114.4531237,-4.9295573,2.1892491
115.2689894,-5.1881771,2.1764015
116.1250353,-5.2953149,2.0849617
116.9366262,-5.0185449,2.0244618
117.7407443,-5.2955761,1.8809897
118.5657727,-5.2116396,1.9126352
119.5256437,-4.8280086,1.8229628
120.5505608,-4.2109180,1.8679986
121.6377982,-3.6227628,2.2326848
122.7208145,-3.3053457,2.6199856
123.7609356,-3.0053635,2.9574313
124.7722639,-2.8078696,3.5559850
125.8110521,-2.5923826,3.8535954
126.8711367,-2.4514069,4.0800066
127.9241131,-2.3862902,4.1747733
128.9583204,-2.3712721,4.2178200
129.9761871,-2.4156552,4.2141980
130.9572708,-2.4486321,4.1848115
131.8540870,-2.4034347,4.1479447
132.7932746,-2.2830435,4.2073013
133.7364199,-2.2035623,4.2705206
134.6863355,-2.1132650,4.3308895
135.6441347,-2.0575468,4.3871014
136.6096558,-2.0062949,4.4368175
137.5827288,-1.9607087,4.4693832
138.5644282,-1.9251598,4.4686178
139.5571942,-1.9344427,4.4197549
140.5634745,-1.9889048,4.3253054
141.5838315,-2.0792425,4.1965317
142.6158700,-2.1972519,4.0607528
143.6545043,-2.3450223,3.9395271
144.6252685,-2.4163499,3.8534249
145.5837109,-2.4863942,3.7645021
146.5452152,-2.5575870,3.6611938
147.5251240,-2.6480197,3.5241508
148.5286363,-2.7848557,3.3639329
149.5464273,-2.9488176,3.2415836
150.5622988,-2.9436685,3.1509335
151.5685104,-2.8860281,3.1005042
152.5644409,-2.8512672,3.0685107
153.5532752,-2.7972425,3.0125994
154.5141336,-2.8774343,2.7885010
155.4753385,-2.9697550,2.3869598
156.4384888,-3.3752811,2.2930344
157.3974389,-3.1362730,2.1103542
158.3436243,-2.7281923,2.0332692
159.2699808,-2.5999615,2.0017108
160.1680745,-2.4884201,2.1249596
161.1004951,-2.3193306,2.4051742
162.1559290,-2.2738036,2.6727711
163.3795034,-2.6765304,2.9672797
164.5980760,-3.1618571,3.0488412
165.6049390,-3.5736391,3.1655506
166.4632742,-3.9880175,3.2829103
167.3632231,-4.1212826,3.2503599
168.4430691,-4.3796289,3.1014791
169.6496021,-4.8545131,2.9967924
170.7734667,-5.0996165,2.9025502
171.8033598,-5.2404260,2.6720117
172.7795891,-4.8913563,3.1534716
173.7794548,-4.5521281,3.1144783
174.8747342,-4.3498062,3.0806683
176.1453070,-4.1928675,3.2687318
177.5329825,-3.9799549,3.5651017
178.8533288,-3.6521401,3.9520017
180.0150421,-3.2252160,4.2273949
181.0653679,-2.6298364,4.4383050
182.0715409,-2.2260494,4.5367025
183.1107314,-2.0096920,4.8502714
184.2259862,-1.6612133,5.6426526
185.3938283,-1.5936536,5.8350679
186.5120461,-1.5269964,5.2868946
187.5283303,-1.8040979,4.4644138
188.4697396,-2.1335446,3.9105417
189.3703179,-2.2198853,3.6027361
190.2296329,-2.7939711,3.3553528
190.9613039,-3.1705195,3.0896400
191.6802872,-3.5084748,2.8497453
192.3933225,-3.8976679,2.5950256
193.1266717,-4.2338453,2.3360988
193.9034846,-4.5752982,2.0327486
194.7160143,-5.3617145,2.0076814
195.5235668,-5.3308758,1.8582178
196.2952160,-5.1746366,1.7263949
197.0577242,-5.0662888,1.7316411
197.8708775,-4.9895555,1.6593825
198.7593754,-4.8235747,1.7325608
199.6971560,-4.7348527,1.8939165
200.7016707,-4.7072830,1.8788544
201.7359397,-4.7638232,1.9709792
202.7336108,-4.8899455,2.0677231
203.7368093,-5.0347765,2.1450719
204.7335992,-5.3565022,2.1796049
205.7546275,-5.5266078,2.1802602
206.7400895,-5.5466229,2.1723213
207.7212043,-5.4562255,2.1628947
208.6893898,-5.2476681,2.1850991
209.6197546,-4.8587559,2.2422234
210.4703975,-4.2519962,2.2731996
211.2235532,-3.9212650,2.4723563
212.0396081,-3.3367281,2.5928376
212.9675969,-3.1232559,2.7648940
213.9344893,-2.3576916,2.7690351
215.0234171,-1.9406645,2.7523845
216.2138753,-1.7146427,2.7424074
217.3267486,-1.4379660,6.4186210
218.3177261,-1.4080971,6.3801384
219.2622520,-1.2155688,6.3050924
220.2029930,-1.3244646,6.2120606
221.1391402,-1.5234842,6.0974657
222.0671219,-1.5652637,6.2207338
222.9922412,-1.7781039,5.5556291
224.0503478,-1.7573024,4.8136307
225.0262909,-2.0430971,4.4430512
225.9017909,-2.4163142,4.0477247
226.7163061,-3.0025571,4.3800863
227.4970389,-3.1323594,4.3096826
228.2988959,-3.2283344,4.2633608
229.1427256,-3.2935935,4.2486973
230.0491022,-3.1219754,4.2849986
231.0387308,-2.8780243,4.3315131
232.1297805,-2.6975796,4.4062230
233.3278884,-2.5465366,4.1635148
234.6130090,-2.4969389,4.0062571
235.9366065,-2.5351431,3.6792782
237.2380963,-2.7174884,3.4618671
238.4715598,-2.9539615,3.2923734
239.6227907,-3.1844556,3.1631288
240.7061479,-3.4497535,3.2149956
241.7482508,-4.1433528,3.3668704
242.7723059,-3.7614794,3.4103270
243.7912603,-3.4062416,3.8887705
244.6898138,-3.2735984,4.2065534
245.6944856,-3.1232072,4.4848776
246.6700995,-3.0533431,4.6169414
247.6152103,-3.0210658,4.6823423
248.6532436,-2.9851395,4.5374122
249.6482017,-2.9780725,4.4949658
250.6323836,-2.9719536,4.5089504
251.6686019,-2.8650901,4.5621770
252.8870599,-2.8005181,4.4650446
254.1539849,-2.6902282,4.4390847
255.4550870,-2.6397840,4.5711910
256.6420409,-2.6379897,4.6396673
257.8069860,-2.6646829,4.6459433
258.9551929,-2.7054826,4.6648351
260.1191609,-2.7374171,4.7303322
261.3147510,-2.7390525,4.8372912
262.4913984,-2.7084641,4.6034034
263.5657047,-2.7869233,4.2509234
264.5197977,-2.8442400,4.1080987
265.4109776,-2.9427778,3.4950559
266.2941582,-3.2432549,3.0352065
267.2638725,-3.9479228,2.8544914
268.2118028,-3.5171630,2.5008146
269.2037064,-4.1537104,2.4773828
270.2109815,-4.9044554,2.2224926
271.2416599,-5.0102059,2.1707681
272.2886860,-3.8108308,2.3068491
273.3346816,-3.4003398,2.3180364
274.3675618,-3.2121134,2.2804619
275.3891142,-2.8892465,2.4011451
276.4631008,-2.8530222,2.6621409
277.5895114,-2.7188868,4.3027746
278.7349957,-2.6440475,4.1280302
279.8729196,-2.7915876,3.9471912
281.0603140,-2.7431871,3.8198326
282.3570014,-2.7646021,4.3893799
283.6872481,-2.7963855,4.1650199
284.9640616,-2.7364131,4.3943697
286.2354545,-2.8075289,3.4744595
287.4855568,-3.2900536,3.0736746
288.6871517,-3.6871784,2.7632223
289.8139359,-4.0135269,2.5119340
290.8550241,-4.8949600,2.3457129
291.8165628,-4.9943159,2.2638625
292.7120636,-4.9836779,2.2459348
293.5553232,-4.9904486,2.2219494
294.3607755,-4.9339978,2.2147430
295.1458912,-4.6162784,1.9664914
296.0817490,-4.3304437,2.3260436
297.0155643,-3.6954625,2.6325309
297.9466105,-3.1937486,2.7317218
298.8751331,-2.6120720,2.9178311
299.8004749,-2.3878570,4.4015063
300.7196502,-2.0493905,4.3617978
301.6281293,-1.6449529,4.3631818
302.5224287,-1.6367205,4.4034876
303.4024395,-1.5436363,4.4748601
304.2717940,-1.6268453,4.5508655
305.1361777,-1.7534840,4.6933387
306.0007688,-1.9089617,4.7667434
306.8682258,-1.9245457,4.5211014
307.7381346,-2.6090662,4.4249476
308.6479931,-3.1966429,4.1496517
309.6098312,-3.3689134,4.0330857
310.5909074,-3.2602522,3.9558105
311.5806465,-3.0343644,4.0371810
312.5751886,-2.9643685,4.2650272
313.5729600,-2.8644287,4.2170897
314.5835875,-2.6395516,4.4283480
315.5474724,-2.4315339,5.1371219
316.5107170,-2.2220307,4.8818417
317.4984568,-2.1952633,4.6697716
318.5098213,-2.3399432,4.4236378
319.4788934,-2.5065084,4.1677179
320.5015462,-2.7491564,3.8820447
321.5441383,-3.0095107,3.5659218
322.5756428,-3.4365043,3.2847957
323.5748342,-3.6699654,2.9595932
324.5385580,-4.1841919,2.6614420
325.5899678,-4.1050074,2.5649981
326.5719914,-4.1062836,2.2936843
327.5244229,-4.2413727,2.3013240
328.4931510,-4.2913896,2.2681054
329.5171321,-4.1962679,2.2898881
330.4604019,-4.0049365,2.3519270
331.4764344,-3.5750040,2.4818318
332.5194092,-3.3075041,2.4935603
333.5351725,-3.0688615,2.5821964
334.5430626,-2.8647580,2.6603279
335.5385660,-2.7006286,2.8106478
336.5202972,-2.5773589,2.9134986
337.4866290,-2.4883100,3.0125772
338.4330573,-2.3982762,3.0035603
339.2571159,-2.2730953,3.1896749
340.0653629,-2.1379317,3.4043592
340.8497660,-1.9963799,3.6231976
341.6180222,-1.8590665,3.9147969
342.3943786,-1.7767616,4.1814493
343.2425142,-1.7337739,4.5243884
