s_m,x_m,y_m,psi_rad,kappa_radpm,vx_mps,ax_mps2
0.0000000,89656.8036175,43128.8719252,-1.8225649,-1822564.8731383,9.8081139,-5.1910739
1.0392392,89656.5447252,43127.8654497,-1.9065968,-0.0808591,9.2642786,-1.1713363
2.0179175,89656.2222262,43126.9414337,-2.0350671,-0.1312691,9.1370904,-0.3877113
2.9900283,89655.7869433,43126.0722224,-2.1770869,-0.1460943,9.0945994,-0.3877113
3.9878011,89655.2183893,43125.2522853,-2.3106759,-0.1338872,9.0519090,0.7791217
4.9921826,89654.5412363,43124.5104996,-2.4430921,-0.1318385,9.1374949,0.5228389
6.0101924,89653.7616370,43123.8558479,-2.5577667,-0.1126459,9.1944816,2.0276300
7.0123349,89652.9254896,43123.3034467,-2.6437877,-0.0858372,9.4122198,3.9057897
7.9855209,89652.0704164,43122.8387523,-2.7091457,-0.0671587,9.8180449,4.8481531
8.9599322,89651.1857065,43122.4303826,-2.7576903,-0.0498194,10.2995660,4.8027450
9.9732554,89650.2461430,43122.0508509,-2.7854231,-0.0273682,10.7553420,4.7577623
10.9312995,89649.3482264,43121.7167936,-2.8281620,-0.0446106,11.1885578,-3.7026709
11.9282856,89648.3998121,43121.4093989,-2.8998427,-0.0718974,10.8529052,-1.8281422
12.9767385,89647.3818476,43121.1583971,-2.9922045,-0.0880934,10.6832933,-1.7710401
13.9744875,89646.3952112,43121.0098990,-3.0872489,-0.0952588,10.5163708,-1.8122499
14.9788437,89645.3923377,43120.9553454,3.0950502,-0.1004486,10.3427760,-0.4967831
15.9803163,89644.3919496,43121.0019396,2.9827161,-0.1121689,10.2946781,-0.4967831
16.9839060,89643.4009995,43121.1607165,2.8713759,-0.1109420,10.2463544,-0.2127418
17.9815552,89642.4395519,43121.4270293,2.7725824,-0.0990263,10.2255905,1.1258149
18.9758920,89641.5121491,43121.7856791,2.6878007,-0.0852645,10.3349979,2.4303287
19.9856272,89640.6046079,43122.2283236,2.6197090,-0.0674353,10.5673176,3.9820148
20.9972872,89639.7276184,43122.7326502,2.5688919,-0.0502314,10.9373045,4.7392595
21.9859644,89638.8966940,43123.2684182,2.5326788,-0.0366279,11.3619586,4.6948714
22.9978270,89638.0666938,43123.8471802,2.5063221,-0.0260477,11.7675352,4.6508990
24.0026590,89637.2578933,43124.4434428,2.4899027,-0.0163404,12.1559782,4.6073384
24.9730318,89636.4863887,43125.0320039,2.4848645,-0.0051920,12.5289141,4.5641858
25.9432376,89635.7179915,43125.6243425,2.4854440,0.0005972,12.8877208,4.5214374
26.9341155,89634.9328717,43126.2288472,2.4890084,0.0035972,13.2335782,4.4790894
27.9509870,89634.1249499,43126.8463339,2.4897301,0.0007097,13.5675061,4.4371380
28.9173718,89633.3567172,43127.4326088,2.4782656,-0.0118633,13.8903934,4.3955796
29.9287630,89632.5597936,43128.0553646,2.4547228,-0.0232777,14.2030207,4.3544103
30.9635395,89631.7596685,43128.7115371,2.4217368,-0.0318773,14.5060783,4.0388825
31.9743799,89630.9996168,43129.3779602,2.3841054,-0.0372278,14.7816225,2.6500026
32.9794781,89630.2693478,43130.0685611,2.3403490,-0.0435344,14.9596561,-1.0392877
33.9627828,89629.5851506,43130.7747921,2.2878704,-0.0533697,14.8900879,-1.0392877
34.9774544,89628.9183266,43131.5395824,2.2356286,-0.0514863,14.8201932,-0.5278977
35.9721097,89628.3046967,43132.3223963,2.1916782,-0.0441866,14.7845642,1.2132361
36.9573987,89627.7315022,43133.1237966,2.1580340,-0.0341465,14.8663208,3.5565045
37.9484739,89627.1823835,43133.9488413,2.1323168,-0.0259488,15.1034339,4.2307170
38.9474343,89626.6504633,43134.7944078,2.1132850,-0.0190516,15.3807371,4.1910918
39.9527461,89626.1314520,43135.6553835,2.1007808,-0.0124381,15.6505993,4.1518378
40.9492077,89625.6277208,43136.5151454,2.0946038,-0.0061989,15.9134223,4.1129515
41.9482354,89625.1280264,43137.3802245,2.0945676,-0.0000362,16.1695721,4.0744294
42.9501138,89624.6269375,43138.2477902,2.1001163,0.0055383,16.4193832,4.0362681
43.9494303,89624.1223361,43139.1103509,2.1086070,0.0084965,16.6631623,3.9984642
44.9489460,89623.6103272,43139.9687672,2.1191941,0.0105922,16.9011915,3.9610143
45.9478156,89623.0895959,43140.8211634,2.1314523,0.0122721,17.1337311,3.9239153
46.9488421,89622.5573082,43141.6689392,2.1423036,0.0108402,17.3610219,3.8871637
47.9483225,89622.0166888,43142.5095888,2.1505133,0.0082139,17.5832872,3.8507563
48.9454001,89621.4705025,43143.3437616,2.1562117,0.0057151,17.8007346,3.8146899
49.9476766,89620.9166990,43144.1791417,2.1602941,0.0040731,18.0135574,3.7789613
50.9479280,89620.3606156,43145.0105707,2.1631166,0.0028218,18.2219362,3.7435674
51.9432109,89619.8049616,43145.8363047,2.1644759,0.0013657,18.4260400,-12.0496172
52.9445065,89619.2448221,43146.6662665,2.1629704,-0.0015035,17.7607070,-11.9050608
53.9434766,89618.6872307,43147.4951411,2.1579716,-0.0050040,17.0779190,-10.9617331
54.9395656,89618.1353858,43148.3243941,2.1499317,-0.0080714,16.4241521,-10.9608532
55.9316839,89617.5923989,43149.1547338,2.1415801,-0.0084180,15.7433157,-11.0731913
56.9278448,89617.0541814,43149.9929810,2.1340229,-0.0075863,15.0242052,-11.3501059
57.9344959,89616.5167131,43150.8441415,2.1263525,-0.0076197,14.2494980,-10.3102948
58.9234167,89615.9951405,43151.6843358,2.1125077,-0.0140000,13.5073048,-9.1629093
59.9216117,89615.4804681,43152.5396168,2.0904545,-0.0220931,12.8116726,-8.2971093
60.9304160,89614.9795126,43153.4152478,2.0604865,-0.0297065,12.1474513,-7.5860738
61.9323272,89614.5082612,43154.2994130,2.2596860,0.1988195,11.5066461,-6.9636016
63.1111707,89613.7588934,43155.2094240,2.2488750,-0.0091709,10.8852650,-6.4154791
64.2813086,89613.0248684,43156.1207033,2.1618988,-0.0743298,10.2796051,-5.4737947
65.4079268,89612.3970302,43157.0561646,1.9959031,-0.1473398,9.7330950,-4.5187266
66.5081260,89611.9432882,43158.0584402,1.8193673,-0.1604580,9.2576623,-3.9002874
67.6126457,89611.6715552,43159.1290125,1.6275541,-0.1736621,8.8267310,-3.7078705
68.6739162,89611.6113522,43160.1885740,1.3697582,-0.2429126,8.3965777,-4.5420110
69.6834607,89611.8129448,43161.1777861,1.1798351,-0.1881275,7.8375483,-3.2705711
70.7889543,89612.2342233,43162.1998627,1.1314672,-0.0437524,7.4089314,-0.2549199
72.0156207,89612.7559643,43163.3100414,0.8889476,-0.1977062,7.3744770,-0.2549199
73.1178240,89613.4506053,43164.1658019,0.5872876,-0.2736882,7.3398609,0.0962443
74.1830302,89614.3373326,43164.7560381,0.4782377,-0.1023745,7.3529493,-1.7106526
75.1547423,89615.2000258,43165.2032349,0.5286158,0.0518447,7.1167284,-0.2352087
76.1688303,89616.0756969,43165.7146786,0.3019146,-0.2235518,7.0836329,-0.2352087
77.1659242,89617.0276911,43166.0111632,0.1384669,-0.1639241,7.0503820,3.8747872
78.1747430,89618.0268543,43166.1504053,0.0036343,-0.1336540,7.5795821,4.2681960
79.1371057,89618.9892106,43166.1539028,-0.1592119,-0.1692149,8.1227034,0.0643603
80.1023367,89619.9422339,43166.0008750,-0.3204890,-0.1670866,8.1306154,0.6607222
81.1353573,89620.9226546,43165.6754418,-0.4282962,-0.1043611,8.2114000,4.7596003
82.0947180,89621.7953608,43165.2769987,-0.5084585,-0.0835580,8.7713857,4.9393568
83.1224570,89622.6930867,43164.7766632,-0.5914522,-0.0807538,9.3170002,4.7498031
84.1596644,89623.5541056,43164.1983504,-0.6875287,-0.0926300,9.8131051,2.1921135
85.1870437,89624.3480815,43163.5463454,-0.7820178,-0.0919709,10.0337967,2.0782995
86.1822984,89625.0542078,43162.8449770,-0.8649706,-0.0833483,10.2386380,2.6569595
87.1590527,89625.6877917,43162.1015926,-0.9347190,-0.0714083,10.4946918,3.7323425
88.1569579,89626.2805918,43161.2988456,-0.9925349,-0.0579373,10.8441743,4.6302586
89.1555854,89626.8264105,43160.4625808,-1.0378093,-0.0453367,11.2626727,4.7054010
90.1524664,89627.3329340,43159.6039740,-1.0710175,-0.0333120,11.6726011,4.6613299
91.1509463,89627.8114370,43158.7276196,-1.0975184,-0.0265413,12.0649649,4.6176717
92.1497037,89628.2666770,43157.8386466,-1.1195094,-0.0220184,12.4414592,4.5744223
93.1488960,89628.7024487,43156.9394869,-1.1371093,-0.0176141,12.8035160,4.5315780
94.1473978,89629.1220385,43156.0334238,-1.1515007,-0.0144130,13.1523583,4.4891350
95.1463383,89629.5287244,43155.1210156,-1.1632615,-0.0117733,13.4890411,4.4470895
96.1459368,89629.9249125,43154.2032836,-1.1724001,-0.0091422,13.8144823,4.4054379
97.1449258,89630.3124610,43153.2825311,-1.1788483,-0.0064547,14.1294864,4.3641763
98.1438907,89630.6940551,43152.3593210,-1.1825743,-0.0037299,14.4347639,4.3233012
99.1431616,89631.0723225,43151.4344123,-1.1835942,-0.0010207,14.7309457,4.2828089
100.1425741,89631.4496998,43150.5089871,-1.1820360,0.0015591,15.0185953,4.2426959
101.1418792,89631.8284779,43149.5842505,-1.1779703,0.0040685,15.2982188,4.2029586
102.1406830,89632.2108207,43148.6615246,-1.1713491,0.0066292,15.5702727,-0.5407448
103.1394803,89632.5992621,43147.7413566,-1.1617345,0.0096262,15.5355378,-10.1877626
104.1381944,89632.9964994,43146.8250420,-1.1488650,0.0128861,14.8659630,-9.6988127
105.1372462,89633.4056343,43145.9136073,-1.1328703,0.0160098,14.1992162,-9.6179782
106.1378761,89633.8299635,43145.0074038,-1.1151155,0.0177436,13.5055597,-9.6152024
107.1386678,89634.2703857,43144.1087312,-1.0964594,0.0186413,12.7745094,-9.7184720
108.1365867,89634.7261838,43143.2209868,-1.0760809,0.0204211,11.9904002,-8.4824875
109.1317111,89635.1986502,43142.3451740,-1.2736311,-0.1985181,11.2614792,-6.5823720
110.2580012,89635.5284402,43141.2682487,-1.1579446,0.1027147,10.6615540,-5.2917895
111.2472768,89635.9253604,43140.3620917,-1.0832129,0.0755419,10.1535833,-4.8693173
112.3264815,89636.4309595,43139.4086494,-1.1048045,-0.0200070,9.6626039,-4.5466682
113.4050478,89636.9155692,43138.4450837,-0.9317732,0.1604271,9.1804823,-4.0350966
114.5106825,89637.5749826,43137.5576142,-0.7171030,0.1941601,8.7303359,-3.9667956
115.9015149,89638.6232707,43136.6435537,-0.4278073,0.2080019,8.2639425,-4.1610638
117.2321224,89639.8339607,43136.0915156,-0.1301943,0.2236670,7.7445826,-4.0057358
118.4987551,89641.0898735,43135.9270727,-0.0092258,0.0955040,7.2093505,-1.2406707
119.5485286,89642.1396023,43135.9173878,0.1490031,0.1507267,7.0353224,-0.2298585
120.4055315,89642.9871093,43136.0446119,0.3625019,0.2491226,7.0026054,-0.2298585
121.3669640,89643.8860607,43136.3855499,0.5966169,0.2435065,6.9697349,1.8594693
122.5156205,89644.8362766,43137.0309192,0.8698211,0.2378467,7.2313618,1.6835554
123.5993507,89645.5352428,43137.8591205,0.9285821,0.0542211,7.4603278,0.6420706
124.6145252,89646.1433019,43138.6720433,0.9585197,0.0294901,7.5458205,1.5318376
125.6135502,89646.7174735,43139.4895871,1.1585400,0.2002155,7.7459769,2.2546061
126.6004747,89647.1129121,43140.3938262,1.3146610,0.1581894,8.0315046,1.3938486
127.5677120,89647.3579557,43141.3295086,1.4764857,0.1673061,8.2030545,0.5334280
128.5871017,89647.4539525,43142.3443682,1.6156788,0.1365455,8.2677652,2.1480798
129.5589449,89647.4103484,43143.3152327,1.7287121,0.1163081,8.5233797,3.4222173
130.5534849,89647.2539468,43144.2973978,1.8376885,0.1095747,8.9154867,3.1705143
131.5881280,89646.9810753,43145.2954096,1.9496889,0.1082503,9.2639560,2.0476421
132.5961173,89646.6082283,43146.2319071,2.0460074,0.0955550,9.4822074,2.9692101
133.5955934,89646.1509419,43147.1206374,2.1184890,0.0725196,9.7900464,4.6359598
134.5983738,89645.6287753,43147.9767394,2.1705130,0.0518797,10.2522232,4.8073059
135.6051735,89645.0605289,43148.8078481,2.2057587,0.0350077,10.7104396,4.7622804
136.6108967,89644.4639870,43149.6175498,2.2259362,0.0200627,11.1458058,4.7176766
137.6051153,89643.8582392,43150.4059281,2.2303944,0.0044841,11.5609401,4.6734906
138.5989603,89643.2492117,43151.1913028,2.2243345,-0.0060974,11.9579846,4.6297185
139.6044384,89642.6378817,43151.9895896,2.2169175,-0.0073766,12.3387194,4.5863563
140.6002146,89642.0383308,43152.7846424,2.2090361,-0.0079149,12.7046430,4.5434002
141.5938712,89641.4463275,43153.5826934,2.2007966,-0.0082921,13.0570319,4.5008465
142.5970825,89640.8552906,43154.3933156,2.1925205,-0.0082496,13.3969842,4.4586913
143.5943202,89640.2744619,43155.2039456,2.1843115,-0.0082317,13.7254529,4.4169310
144.5899703,89639.7012212,43156.0180182,2.1760273,-0.0083204,14.0432720,4.3755618
145.5907955,89639.1317996,43156.8410676,2.1674811,-0.0085391,14.3511763,4.3345800
146.5886686,89638.5710915,43157.6665112,2.1587141,-0.0087857,14.6498173,4.2939821
147.5857201,89638.0180972,43158.4961551,2.1496679,-0.0090730,14.9397763,4.2537645
148.5840700,89637.4719203,43159.3318543,2.1402426,-0.0094409,15.2215743,4.2139235
149.5831388,89636.9332566,43160.1732697,2.1304795,-0.0097722,15.4956810,4.1744556
150.5810163,89636.4034657,43161.0188944,2.1204153,-0.0100856,15.7625211,4.1353575
151.5769894,89635.8832068,43161.8681842,2.1100488,-0.0104085,16.0224809,4.0966255
152.5775038,89635.3694480,43162.7267184,2.0994325,-0.0106108,16.2759124,-8.5212624
153.5764893,89634.8656035,43163.5893381,2.0882559,-0.0111880,15.7441756,-10.2702390
154.5713249,89634.3734843,43164.4539285,2.0759834,-0.0123362,15.0784015,-10.2042769
155.5730716,89633.8886678,43165.3305410,2.0627526,-0.0132077,14.3864212,-10.1872006
156.5711554,89633.4172219,43166.2102625,2.0541624,-0.0086066,13.6606792,-11.1626235
157.5607499,89632.9572957,43167.0864846,2.0573111,0.0031818,12.8183547,-10.5659739
158.5629008,89632.4887421,43167.9723537,2.0720842,0.0147414,11.9665549,-8.9325605
159.5741850,89632.0027641,43168.8592139,2.1024130,0.0299904,11.1959977,-6.3655288
160.5786629,89631.4935666,43169.7250625,2.1576083,0.0549492,10.6127969,-3.6655452
161.5809845,89630.9385720,43170.5597059,2.2416637,0.0838608,10.2619376,-0.4890478
162.5737156,89630.3214252,43171.3372950,2.3523295,0.1114760,10.2142156,-0.4890478
163.5957503,89629.6015361,43172.0627705,2.4640229,0.1092854,10.1662697,0.1190962
164.5943607,89628.8235202,43172.6888008,2.5708349,0.1069606,10.1779666,0.3281012
165.5673585,89628.0047505,43173.2144822,2.6724295,0.1044140,10.2101215,0.2626496
166.5666704,89627.1134173,43173.6663111,2.7445267,0.0721468,10.2357891,3.8551655
167.5589643,89626.1983243,43174.0500453,2.7737194,0.0294194,10.6053925,-4.2237180
168.5589062,89625.2652842,43174.4096562,2.7596744,-0.0140458,10.1997538,-7.3671222
169.5492795,89624.3462659,43174.7787695,2.7031628,-0.0570609,9.4506505,-4.4650440
170.5525903,89623.4378489,43175.2046933,2.6037130,-0.0991217,8.9662271,-2.9934367
171.5693841,89622.5646295,43175.7256133,2.4781658,-0.1234736,8.6262430,-2.6039244
172.6062953,89621.7476612,43176.3641644,2.3571024,-0.1167538,8.3192061,-4.1979874
173.6026433,89621.0424974,43177.0680489,2.2238188,-0.1337722,7.7987966,-1.7239539
174.5782383,89620.4497359,43177.8429162,2.0445401,-0.1837634,7.5747350,-0.2664572
175.5738541,89619.9955151,43178.7288814,1.8433603,-0.2020657,7.5395096,-0.2664572
176.5494566,89619.7328813,43179.6684684,1.6809130,-0.1665098,7.5041188,2.8244510
177.4995682,89619.6284695,43180.6128255,1.5265185,-0.1625014,7.8711696,1.9852177
178.5090204,89619.6731512,43181.6212883,1.3621181,-0.1628611,8.1192337,0.9766863
179.5268359,89619.8840090,43182.6170229,1.2109694,-0.1485031,8.2385353,1.4400659
180.5115914,89620.2307535,43183.5387124,1.0843468,-0.1285827,8.4113523,2.7841475
181.5260290,89620.7049932,43184.4354735,0.9677901,-0.1148979,8.7357787,2.9258620
182.5339430,89621.2766025,43185.2656262,0.8531213,-0.1137684,9.0642136,2.1794046
183.5232773,89621.9272233,43186.0109280,0.7369259,-0.1174481,9.3013234,1.4729762
184.5240475,89622.6683316,43186.6834602,0.6212918,-0.1155451,9.4582112,1.2258968
185.5247571,89623.4820358,43187.2659593,0.5094639,-0.1117486,9.5868249,0.2990544
186.5124744,89624.3443190,43187.7476782,0.3974925,-0.1133638,9.6179390,-2.0442994
187.5168632,89625.2704002,43188.1364847,0.2797221,-0.1172558,9.4031938,-2.0885302
188.5392271,89626.2530271,43188.4187477,0.1591421,-0.1179423,9.1786153,-1.9922258
189.6006506,89627.3010380,43188.5869528,0.0485587,-0.1041841,8.9591478,-3.9608895
190.6135273,89628.3127208,43188.6361174,-0.0648180,-0.1119353,8.5060044,-0.3360035
191.5297233,89629.2269928,43188.5767730,-0.2228868,-0.1725273,8.4664482,-0.3360035
192.5570113,89630.2288692,43188.3496952,-0.3719085,-0.1450632,8.4267064,0.2046691
193.5188536,89631.1249556,43188.0001674,-0.4103452,-0.0399615,8.4509365,4.9652266
194.4470042,89631.9760541,43187.6299041,-0.4497590,-0.0424649,9.0188305,4.9187220
195.4357533,89632.8664740,43187.2000469,-0.5395793,-0.0908424,9.5481600,3.6158302
196.5181903,89633.7951237,43186.6439177,-0.6430498,-0.0955904,9.9192801,0.2598809
197.4887142,89634.5718055,43186.0619538,-0.7024232,-0.0611766,9.9454202,4.8363529
198.4991653,89635.3430615,43185.4091325,-0.7234725,-0.0208316,10.4199260,4.7910554
199.5147564,89636.1042587,43184.7368200,-0.7100315,0.0132347,10.8695825,1.4399711
200.5759721,89636.9090224,43184.0450585,-0.6780623,0.0301250,11.0011371,-8.0474213
201.6031965,89637.7090142,43183.4006958,-0.6359723,0.0409745,10.2442928,-6.5402531
202.5434182,89638.4654174,43182.8422417,-0.5703853,0.0697570,9.5852758,-2.8685690
203.5519158,89639.3142628,43182.2976970,-0.4630177,0.1064628,9.2814789,-1.1043517
204.5251819,89640.1850524,43181.8629876,-0.3374703,0.1289960,9.1618369,-0.9515133
205.4755049,89641.0817727,43181.5483346,-0.2093093,0.1348604,9.0574855,-0.4841342
206.4499305,89642.0349312,43181.3458642,-0.0614597,0.1517300,9.0039269,-0.3764927
207.5003460,89643.0833634,43181.2813466,0.0847973,0.1392373,8.9620552,-0.3764927
208.4605612,89644.0401284,43181.3626727,0.2099017,0.1302879,8.9199869,1.5929067
209.4650759,89645.0225954,43181.5719772,0.3309816,0.1205357,9.0966444,1.8653287
210.4993449,89646.0007282,43181.9080852,0.4468125,0.1119929,9.2992493,1.1704995
211.4970159,89646.9004569,43182.3391720,0.5334029,0.0867926,9.4241605,3.9281299
212.5002145,89647.7642929,43182.8492648,0.5897922,0.0562095,9.8317630,4.8468895
213.4970044,89648.5926814,43183.4036677,0.6194512,0.0297545,10.3125211,4.8014933
214.5180327,89649.4239998,43183.9964649,0.6268416,0.0072382,10.7676327,4.7565223
215.5182994,89650.2341000,43184.5832111,0.6112537,-0.0155838,11.2002625,-6.4585389
216.4946429,89651.0336562,43185.1435294,0.5707146,-0.0415214,10.6085404,-5.6267136
217.4606274,89651.8465468,43185.6653866,0.5057879,-0.0672129,10.0647127,-5.0611689
218.4446008,89652.7073198,43186.1421186,0.4251627,-0.0819384,9.5491237,-4.8863368
219.4892174,89653.6589359,43186.5729906,0.3438518,-0.0778380,9.0234371,-5.9431624
220.5064938,89654.6166642,43186.9159307,0.2571871,-0.0851929,8.3395105,-5.7390044
221.5358761,89655.6121893,43187.1777656,0.1416264,-0.1122622,7.6210486,-1.9965704
222.5067828,89656.5733751,43187.3148124,-0.0505589,-0.1979441,7.3546619,-1.6516172
223.5991506,89657.6643470,43187.2596070,-0.2411496,-0.1744748,7.1267784,-0.3252600
224.5808978,89658.6176864,43187.0251470,-0.2811021,-0.0406953,7.0810360,-9.5329343
225.4886900,89659.4898480,43186.7733121,-0.3760448,-0.1045863,5.5761454,-0.1443979
226.4435770,89660.3780118,43186.4226351,-0.6927311,-0.3316479,5.5502142,-0.1443979
227.3744715,89661.0943395,43185.8281276,-0.8714237,-0.1919580,5.5241613,5.1569546
228.4065193,89661.7587076,43185.0383569,-1.0277963,-0.1515168,6.3890863,5.1086543
229.4985436,89662.3229640,43184.1034068,-1.2069485,-0.1640552,7.1433872,-2.5103702
230.5699215,89662.7042382,43183.1021673,-1.3804525,-0.1619447,6.7832170,-1.6593330
231.4928365,89662.8788505,43182.1959208,-1.6253845,-0.2653895,6.5342584,-0.1982829
232.4580207,89662.8261890,43181.2321743,-1.8586818,-0.2417127,6.5038716,-0.1982829
233.4172286,89662.5538456,43180.3124413,-1.9210109,-0.0649798,6.4733422,5.1035743
234.3239904,89662.2427362,43179.4607207,-2.0681549,-0.1622741,7.2181415,3.9034038
235.4136046,89661.7228750,43178.5031178,-2.2506999,-0.1675318,7.7395687,0.6111624
236.3960766,89661.1051771,43177.7391148,-2.3848084,-0.1365011,7.8180612,3.7068710
237.4005582,89660.3748711,43177.0494508,-2.4949424,-0.1096426,8.2782092,4.4185473
238.4352759,89659.5490561,43176.4260165,-2.6078693,-0.1091378,8.7953061,3.3383395
239.4832013,89658.6468774,43175.8928924,-2.7206104,-0.1075850,9.1666633,2.4154000
240.5118738,89657.7080204,43175.4725180,-2.8140514,-0.0908365,9.4262350,3.2937922
241.4847562,89656.7868601,43175.1595262,-2.8861067,-0.0740637,9.7690943,4.4320610
242.4572125,89655.8459692,43174.9137713,-2.9292102,-0.0443243,10.2122899,4.8111366
243.4488479,89654.8766143,43174.7047450,-2.9226242,0.0066415,10.6725796,4.7660752
244.4370066,89653.9120509,43174.4900944,-2.8721274,0.0511019,11.1097709,3.9490981
245.3892539,89652.9941669,43174.2365909,-2.8251805,0.0493012,11.4593921,-6.0598767
246.3795105,89652.0530687,43173.9284638,-2.7939475,0.0315403,10.9183094,-8.8233541
247.4250580,89651.0700684,43173.5722617,-2.7714771,0.0214916,10.0786712,-8.8801923
248.4451767,89650.1190265,43173.2032611,-2.7284196,0.0422083,9.1562098,-6.8376105
249.4609083,89649.1887673,43172.7954272,-2.6489166,0.0782717,8.3769928,-4.1918301
250.4494149,89648.3178235,43172.3278780,-2.5158947,0.1345685,7.8611926,-4.1553060
251.5038956,89647.4631094,43171.7103075,-2.3608651,0.1470198,7.3140734,-3.7659384
252.5326531,89646.7322783,43170.9862716,-2.2209675,0.1359870,6.7801903,-5.2978539
253.4312066,89646.1883635,43170.2710408,-2.0378561,0.2037847,5.9485616,-0.1643299
254.4358784,89645.7359971,43169.3739734,-1.7329735,0.3034649,5.9208985,-0.1643299
255.4114923,89645.5784675,43168.4111614,-1.5127812,0.2256961,5.8931055,4.5238641
256.3566031,89645.6332675,43167.4676407,-1.3477492,0.1746165,6.6157226,4.7354941
257.3946364,89645.8628828,43166.4553216,-1.1658461,0.1752382,7.2958711,2.1522364
258.3895945,89646.2548694,43165.5408337,-1.0087410,0.1579013,7.5848599,2.4980708
259.3737764,89646.7793660,43164.7080568,-0.9168501,0.0933677,7.9070521,5.0069306
260.4099947,89647.4097216,43163.8856213,-0.8734443,0.0418887,8.5162068,4.9600354
261.3789950,89648.0320041,43163.1428386,-0.8226470,0.0524224,9.0794483,4.9135795
262.3820262,89648.7143497,43162.4076678,-0.7490034,0.0734210,9.6049030,4.8675586
263.4068788,89649.4649188,43161.7098362,-0.6570881,0.0896863,10.0985141,1.8933892
264.3847955,89650.2392080,43161.1125111,-0.5578615,0.1014673,10.2841214,-1.3280930
265.3786257,89651.0823627,43160.5864041,-0.4523352,0.1061814,10.1542849,-1.6061146
266.3957355,89651.9971807,43160.1418589,-0.3462175,0.1043326,9.9950156,-1.5614249
267.3821858,89652.9250980,43159.8071147,-0.2463166,0.1012732,9.8377064,-2.5420407
268.3769640,89653.8898509,43159.5645546,-0.1488907,0.0979373,9.5760764,-3.4190396
269.3871231,89654.8888339,43159.4147064,-0.0488579,0.0990268,9.2124744,-3.9461265
270.4285061,89655.9289742,43159.3638469,0.0527098,0.0975315,8.7741076,-4.8372635
271.4958816,89656.9948673,43159.4200820,0.1560377,0.0968056,8.2048565,-4.9564268
272.4940908,89657.9809490,43159.5752090,0.2828572,0.1270470,7.5773529,-0.2666414
273.4199124,89658.8699802,43159.8336062,0.4818864,0.2149758,7.5421153,-0.2666414
274.4747919,89659.8047324,43160.3224918,0.6434131,0.1531233,7.5067123,1.7476310
275.3902593,89660.5371547,43160.8717078,0.6684306,0.0273275,7.7358035,-2.4451999
276.3228846,89661.2690746,43161.4497070,0.8161533,0.1583945,7.4132937,-0.2552202
277.3670080,89661.9843291,43162.2103678,1.0117919,0.1873711,7.3788190,-0.2552202
278.2885161,89662.4730439,43162.9916071,1.1040018,0.1000641,7.3441825,5.0471702
279.2950107,89662.9259927,43163.8904223,1.1298809,0.0257121,8.0013576,4.9998982
280.3723987,89663.3857869,43164.8647704,1.1144981,-0.0142779,8.6030213,4.9530689
281.4568481,89663.8636258,43165.8382695,1.0895003,-0.0230511,9.1601670,-6.7439060
282.4878152,89664.3408897,43166.7521143,1.0595106,-0.0290889,8.3924800,-9.4218818
283.3955698,89664.7850531,43167.5437818,0.9874379,-0.0793967,7.1838667,-0.2396675
284.4137807,89665.3459142,43168.3935983,0.7804239,-0.2033116,7.1504589,-0.2396675
285.3656183,89666.0223047,43169.0632929,0.5871392,-0.2030648,7.1168944,1.5790135
286.2977169,89666.7983037,43169.5796583,0.4447366,-0.1527762,7.3352027,4.1938216
287.3231763,89667.7240105,43170.0208316,0.2765810,-0.1639808,7.8857363,0.6592288
288.3784283,89668.7391573,43170.3089874,0.0869343,-0.1797171,7.9688165,-0.2976658
289.4068348,89669.7636802,43170.3982786,-0.0644697,-0.1472219,7.9314105,2.3563817
290.3903547,89670.7451569,43170.3349153,-0.1899399,-0.1275726,8.2228668,3.2558456
291.3453045,89671.6829324,43170.1546209,-0.3375145,-0.1545365,8.6093562,-0.2668779
292.3051664,89672.5886395,43169.8367695,-0.4804668,-0.1489301,8.5783313,0.6577601
293.3350902,89673.5019546,43169.3607457,-0.5702406,-0.0871654,8.6545961,4.9488967
294.2962598,89674.3110394,43168.8418731,-0.6383328,-0.0708430,9.2081692,4.9025451
295.3251468,89675.1373286,43168.2288032,-0.7127036,-0.0722828,9.7255392,4.8566276
296.3559480,89675.9172295,43167.5547812,-0.8049023,-0.0894438,10.2122524,1.8172215
297.3632899,89676.6155004,43166.8287265,-0.9053510,-0.0997165,10.3885068,0.4825487
298.3483468,89677.2236839,43166.0538395,-1.0004496,-0.0965413,10.4348095,0.9451921
299.3493391,89677.7641436,43165.2112904,-1.0801218,-0.0795932,10.5249147,2.6975357
300.3250536,89678.2239207,43164.3506954,-1.1494201,-0.0710231,10.7779289,3.3723437
301.3274786,89678.6339293,43163.4359556,-1.2168090,-0.0672260,11.0861176,3.2630606
302.3418370,89678.9855471,43162.4844895,-1.2868122,-0.0690122,11.3763744,2.5554720
303.3826035,89679.2771516,43161.4854090,-1.3560400,-0.0665162,11.5986189,0.0973687
304.4124480,89679.4966211,43160.4792217,-1.4225480,-0.0645806,11.6070028,-3.2569593
305.3867668,89679.6405337,43159.5155899,-1.4953445,-0.0747152,11.3231979,-2.4393838
306.3854169,89679.7158122,43158.5197811,-1.5756397,-0.0804038,11.1058858,-2.0069531
307.3920502,89679.7109367,43157.5131596,-1.6376310,-0.0615828,10.9238557,-4.1065502
308.3413679,89679.6475366,43156.5659614,-1.6766672,-0.0411203,10.5416015,-4.2299768
309.3076735,89679.5454240,43155.6050662,-1.7544725,-0.0805183,10.1327924,-0.4947625
310.3102244,89679.3623130,43154.6193793,-1.8689912,-0.1142273,10.0838932,-0.4782755
311.3035146,89679.0704891,43153.6699246,-1.9858210,-0.1176190,10.0363969,-0.5343875
312.2875980,89678.6736944,43152.7693836,-2.1018956,-0.1179520,9.9830611,-0.4628284
313.3153512,89678.1531564,43151.8832025,-2.2253578,-0.1201283,9.9366360,-0.4628284
314.3256258,89677.5380897,43151.0817366,-2.3468867,-0.1202929,9.8899930,-0.2495986
315.3245545,89676.8383455,43150.3688435,-2.4645876,-0.1178271,9.8647474,0.1544063
316.3274956,89676.0566006,43149.7405396,-2.5848451,-0.1199048,9.8803724,-0.1104307
317.3413905,89675.1958258,43149.2047694,-2.7008369,-0.1144021,9.8692000,0.4096305
318.3544774,89674.2795602,43148.7725631,-2.8054461,-0.1032579,9.9105796,1.3260916
319.3417734,89673.3475204,43148.4469017,-2.9052334,-0.1010713,10.0433679,1.4616103
320.3524835,89672.3649112,43148.2102291,-2.9962027,-0.0900053,10.1877215,2.0675486
321.3631109,89671.3649464,43148.0638111,-3.0619118,-0.0650182,10.3884947,4.2743159
322.3269959,89670.4041197,43147.9870892,-3.0956910,-0.0350448,10.7917234,4.7540877
323.2902404,89669.4418897,43147.9428902,-3.0990394,-0.0034761,11.2232079,4.7095606
324.2779803,89668.4550440,43147.9008713,-3.0762250,0.0230976,11.6348841,4.6654507
325.2893448,89667.4458395,43147.8348078,-3.0474637,0.0284381,12.0288206,0.2245240
326.2584168,89666.4810574,43147.7437247,-3.0254630,0.0227029,12.0474538,-9.4870748
327.2810697,89665.4652926,43147.6252311,-3.0062567,0.0187809,11.2332142,-10.0235419
328.3236618,89664.4322339,43147.4845612,-2.9794924,0.0256709,10.3032592,-7.5086687
329.3551663,89663.4142519,43147.3180854,-2.9241640,0.0536386,9.5474680,-4.6672523
330.3543577,89662.4385861,43147.1025403,-2.8305993,0.0936404,9.0459134,-0.6781249
331.3180814,89661.5210921,43146.8076365,-2.6926606,0.1431309,8.9707075,-0.3875665
332.3694913,89660.5738653,43146.3513208,-2.5537555,0.1321132,8.9274409,-1.0769858
333.3515149,89659.7566822,43145.8067273,-2.4314685,0.1245255,8.8060936,-1.5622765
334.3039464,89659.0344715,43145.1858106,-2.2934677,0.1448931,8.6270339,-0.3456333
335.2726744,89658.3937638,43144.4592243,-2.1374350,0.1610696,8.5869148,-0.3456333
336.2966556,89657.8440916,43143.5952811,-2.0172952,0.1173262,8.5466075,3.1780980
337.2399253,89657.4367780,43142.7444853,-1.9145000,0.1089776,8.9103664,3.4199979
338.2559578,89657.0943990,43141.7878774,-1.7997764,0.1129133,9.2859085,2.1060158
339.2989326,89656.8576601,43140.7721259,-1.6767020,0.1180032,9.5097902,0.2047316
340.3066209,89656.7511396,43139.7700835,-1.5748611,0.1010639,9.5312739,2.4106775
341.3090692,89656.7470649,43138.7676435,-1.4944115,0.0802531,9.7806920,3.8518888
342.2949256,89656.8222962,43137.7846617,-1.4349210,0.0603439,10.1665314,4.8155077
343.2993254,89656.9583498,43136.7895193,-1.4131827,0.0216430,10.6292137,4.7704054
344.2907417,89657.1139643,43135.8103920,-1.4367854,-0.0238070,11.0685089,4.7257255
345.2867327,89657.2470388,43134.8233311,-1.4926770,-0.0561165,11.4871372,3.3398518
346.2673911,89657.3235693,43133.8456634,-1.5543732,-0.0629130,11.7740244,2.7477950
347.2703124,89657.3400397,43132.8428774,-1.6199839,-0.0654197,12.0049154,1.9913794
348.2892539,89657.2899406,43131.8251683,-1.6858749,-0.0646660,12.1695091,1.3347523
349.3138949,89657.1722865,43130.8073045,-1.7390504,-0.0518967,12.2785956,3.4727499
350.3218346,89657.0034956,43129.8135982,-1.7799506,-0.0405781,12.5579768,-30.7812180
351.2844869,89656.8036175,43128.8719252,0.0000000,1.8490070,9.8081139,-5.1910739
